Company Name,BSE Number,Group
Company,Code,Group
20 Microns Ltd.,533022,T
360 One Wam Ltd.,542772,A
3B BlackBio Dx Ltd.,532067,X
3C IT Solutions & Telecom (India) Ltd.,544190,M
3i Infotech Ltd.,532628,B
3M India Ltd.,523395,A
3P Land Holdings Ltd.,516092,T
52 Weeks Entertainment Ltd.,531925,X
5Paisa Capital Ltd.,540776,B
63 Moons Technologies Ltd.,526881,B
7NR Retail Ltd.,540615,B
7Seas Entertainment Ltd.,540874,X
A & M Febcon Ltd.,540697,XT
A F Enterprises Ltd.,538351,XT
A-1 Ltd.,542012,B
A2Z Infra Engineering Ltd.,533292,B
AA Plus Tradelink Ltd.,543319,M
AAA Technologies Ltd.,543671,B
Aadhaar Ventures India Ltd.,531611,XT
Aadhar Housing Finance Ltd.,544176,B
Aadi Industries Ltd.,530027,X
Aagam Capital Ltd.,531866,XD
Aananda Lakshmi Spinning Mills Ltd.,539096,XT
Aanchal Ispat Ltd.,538812,XT
AAR Commercial Company Ltd.,539632,XT
Aar Shyam India Investment Company Ltd.,542377,XT
Aarcon Facilities Ltd.,532024,P
Aarey Drugs & Pharmaceuticals Ltd.,524412,T
Aarnav Fashions Ltd.,539562,X
Aartech Solonics Ltd.,542580,B
Aarti Drugs Ltd.,524348,A
Aarti Industries Ltd.,524208,A
Aarti Pharmalabs Ltd.,543748,A
Aarti Surfactants Ltd.,543210,T
Aarvee Denims and Exports Ltd.,514274,T
Aashka Hospitals Ltd.,543346,M
Aastamangalam Finance Ltd.,511764,X
Aavas Financiers Ltd.,541988,A
Aayush Art and Bullion Ltd.,540718,MT
Aayush Wellness Ltd.,539528,XT
Aban Offshore Ltd.,523204,B
Abans Holdings Ltd.,543712,B
Abate As Industries Ltd.,531658,XT
ABB India Ltd.,500002,A
Abbott India Ltd.,500488,A
ABC Gas (International) Ltd.,513119,XT
ABC India Ltd.,520123,X
Abhijit Trading Company Ltd.,539560,XT
Abhinav Capital Services Ltd.,532057,X
Abhinav Leasing & Finance Ltd.,538952,X
Abhishek Corporation Ltd.,532831,Z
Abhishek Finlease Ltd.,538935,XT
Abhishek Infraventures Ltd.,539544,XT
Abirami Financial Services (India) Ltd.,511756,Z
ABM Knowledgeware Ltd.,531161,X
ACC Ltd.,500410,A
Accedere Ltd.,531533,XT
ACCEL Ltd.,517494,X
AccelerateBS India Ltd.,543938,M
Accelya Solutions India Ltd.,532268,B
ACE Edutrend Ltd.,530093,Z
ACE Engitech Ltd.,530669,XT
Ace Men Engg Works Ltd.,539661,XT
ACE Software Exports Ltd.,531525,XT
Acewin Agriteck Ltd.,539570,MT
Achal Investments Ltd.,538570,XT
Achyut Healthcare Ltd.,543499,M
ACI Infocom Ltd.,517356,X
Acknit Industries Ltd.,530043,X
Acme Resources Ltd.,539391,Z
Acrow India Ltd.,513149,X
ACS Technologies Ltd.,530745,Z
Action Construction Equipment Ltd.,532762,A
Action Financial Services (India) Ltd.,511706,Z
Active Clothing Co Ltd.,541144,B
Ad-Manum Finance Ltd.,511359,XT
Adani Energy Solutions Ltd.,539254,A
Adani Enterprises Ltd.,512599,A
Adani Green Energy Ltd.,541450,A
Adani Ports & Special Economic Zone Ltd.,532921,A
Adani Power Ltd.,533096,A
Adani Total Gas Ltd.,542066,A
Adani Wilmar Ltd.,543458,A
Adarsh Mercantile Ltd.,538563,XT
Adarsh Plant Protect Ltd.,526711,X
ADC India Communications Ltd.,523411,XT
Adcon Capital Services Ltd.,539506,X
Add-Shop E-Retail Ltd.,541865,B
Addi Industries Ltd.,507852,X
Adeshwar Meditex Ltd.,543309,M
ADF Foods Ltd.,519183,B
Adharshila Capital Services Ltd.,539493,XT
Adhata Global Ltd.,531286,XD
Adhbhut Infrastructure Ltd.,539189,XT
Adhiraj Distributors Ltd.,780018,IP
Adhunik Metaliks Ltd.,532727,Z
Adinath Exim Resources Ltd.,532056,X
Adinath Textiles Ltd.,514113,X
Adishakti Loha and Ispat Ltd.,543377,M
Aditri Industries Ltd.,534707,XT
Company,Code,Group
Aditya Birla Capital Ltd.,540691,A
Aditya Birla Fashion and Retail Ltd.,535755,A
Aditya Birla Money Ltd.,532974,T
Aditya Birla Real Estate Ltd.,500040,A
Aditya Birla Sun Life AMC Ltd.,543374,A
Aditya Consumer Marketing Ltd.,540146,M
Aditya Forge Ltd.,522150,Z
Aditya Ispat Ltd.,513513,X
Aditya Spinners Ltd.,521141,X
Aditya Vision Ltd.,540205,B
Adjia Technologies Ltd.,543269,MS
Adline Chem Lab Ltd.,524604,P
Ador Fontech Ltd.,530431,X
Ador Multiproducts Ltd.,523120,X
Ador Welding Ltd.,517041,B
Adroit Infotech Ltd.,532172,B
ADS Diagnostic Ltd.,523031,Y
Adtech Systems Ltd.,544185,XT
Advait Infratech Ltd.,543230,T
Advance Lifestyles Ltd.,521048,X
Advance Metering Technology Ltd.,534612,X
Advance Multitech Ltd.,526331,P
Advance Petrochemicals Ltd.,506947,XT
Advance Powerinfra Tech Ltd.,531047,Z
Advance Syntex Ltd.,539982,XT
Advanced Enzyme Technologies Ltd.,540025,A
Advanced Micronic Devices Ltd.,517552,Z
Advani Hotels & Resorts (India) Ltd.,523269,B
Advent Computer Services Ltd.,531429,Z
Advik Capital Ltd.,539773,X
Aegis Logistics Ltd.,500003,A
Aelea Commodities Ltd.,544213,M
Aeonian Investments Company Ltd.,503655,XD
AeonX Digital Technology Ltd.,524594,X
Aeroflex Industries Ltd.,543972,B
Aerpace Industries Ltd.,534733,XT
Aether Industries Ltd.,543534,A
Afcom Holdings Ltd.,544224,M
Affle (India) Ltd.,542752,A
Affordable Robotic & Automation Ltd.,541402,B
Agarwal Fortune India Ltd.,530765,X
Agarwal Industrial Corporation Ltd.,531921,B
AGI Greenpac Ltd.,500187,A
AGI Infra Ltd.,539042,B
Agio Paper & Industries Ltd.,516020,XT
Agri-Tech (India) Ltd.,537292,B
Agrimony Commodities Ltd.,537492,MT
Agro Tech Foods Ltd.,500215,B
AGS Transact Technologies Ltd.,543451,B
Ahasolar Technologies Ltd.,543941,M
Ahluwalia Contracts (India) Ltd.,532811,A
Ahmedabad Steelcraft Ltd.,522273,XT
AI Champdany Industries Ltd.,532806,X
AIA Engineering Ltd.,532683,A
AIK Pipes And Polymers Ltd.,544072,M
Aimco Pesticides Ltd.,524288,X
AION-TECH Solutions Ltd.,531439,T
Airan Ltd.,543811,T
Ajanta Pharma Ltd.,532331,A
Ajanta Soya Ltd.,519216,XT
Ajcon Global Services Ltd.,511692,X
Ajel Ltd.,530713,Z
Ajmera Realty & Infra India Ltd.,513349,B
AJR Infra and Tolling Ltd.,532959,Z
Ajwa Fun World & Resorts Ltd.,526628,P
AK Capital Services Ltd.,530499,X
AK Spintex Ltd.,539300,XT
Akar Auto Industries Ltd.,530621,X
Aki India Ltd.,542020,B
Akme Fintrade (India) Ltd.,544200,B
Aksh Optifibre Ltd.,532351,B
Akshar Spintex Ltd.,541303,T
AksharChem (India) Ltd.,524598,B
Akums Drugs & Pharmaceuticals Ltd.,544222,B
Akzo Nobel India Ltd.,500710,A
Alacrity Securities Ltd.,535916,B
Alan Scott Enterprises Ltd.,539115,XT
Alang Industrial Gases Ltd.,531517,XD
Alankit Ltd.,531082,B
Albert David Ltd.,524075,T
Alchemist Corporation Ltd.,531409,XT
Alchemist Ltd.,526707,Z
Alchemist Realty Ltd.,532114,Z
Alembic Ltd.,506235,B
Alembic Pharmaceuticals Ltd.,533573,A
Alexander Stamps and Coin Ltd.,511463,X
Alfa Ica (India) Ltd.,530973,XT
Alfa Transformers Ltd.,517546,X
Alfavision Overseas (India) Ltd.,531156,X
Alfred Herbert (India) Ltd.,505216,X
Algoquant Fintech Ltd.,505725,X
Alicon Castalloy Ltd.,531147,B
Alka Diamond Industries Ltd.,531581,Z
Alka India Ltd.,530889,XT
Alka Securities Ltd.,532166,Z
Alkali Metals Ltd.,533029,B
Alkem Laboratories Ltd.,539523,A
Alkosign Ltd.,543453,M
Alkyl Amines Chemicals Ltd.,506767,A
Allcargo Gati Ltd. 532345 BCompany,Code,Group
Allcargo Logistics Ltd.,532749,A
Allcargo Terminals Ltd.,543954,B
Alldigi Tech Ltd.,532633,B
Alliance Integrated Metaliks Ltd.,534064,XT
Allied Blenders & Distillers Ltd.,544203,B
Allied Computers International (Asia) Ltd.,532919,XT
Allied Digital Services Ltd.,532875,B
Almondz Global Securities Ltd.,531400,T
Alna Trading & Exports Ltd.,506120,P
Alok Industries Ltd.,521070,A
Alpa Laboratories Ltd.,532878,T
Alpha Hi-Tech Fuel Ltd.,531247,XT
Alphageo (India) Ltd.,526397,B
Alphalogic Industries Ltd.,543937,M
Alphalogic Techsys Ltd.,542770,T
Alpine Housing Development Corporation Ltd.,526519,X
Alps Industries Ltd.,530715,T
Alps Motor Finance Ltd.,538423,Z
Alstone Textiles (India) Ltd.,539277,X
Alufluoride Ltd.,524634,X
Amal Ltd.,506597,X
Amalgamated Electricity Company Ltd.,501622,XT
Amanaya Ventures Ltd.,543804,M
Amara Raja Energy & Mobility Ltd.,500008,A
Amarjothi Spinning Mills Ltd.,521097,X
Amarnath Securities Ltd.,538465,XT
Amba Enterprises Ltd.,539196,X
Ambalal Sarabhai Enterprises Ltd.,500009,X
Ambar Protein Industries Ltd.,519471,XT
Ambassador Intra Holdings Ltd.,542524,XT
Amber Enterprises India Ltd.,540902,A
Amber Fabrics Ltd.,536820,Z
Ambica Agarbathies & Aroma Industries Ltd.,532335,B
Ambika Cotton Mills Ltd.,531978,B
Ambition Mica Ltd.,539223,Z
Ambitious Plastomac Company Ltd.,526439,XT
Ambo Agritec Ltd.,543678,MT
Ambuja Cements Ltd.,500425,A
Amco India Ltd.,530133,XT
AMD Industries Ltd.,532828,B
Amerise Biosciences Ltd.,531681,X
Amforge Industries Ltd.,513117,X
Ami Organics Ltd.,543349,A
AMIC Forging Ltd.,544037,M
Amin Tannery Ltd.,541771,X
Amines & Plasticizers Ltd.,506248,B
Amit International Ltd.,531300,Z
Amit Securities Ltd.,531557,Z
AMJ Land Holdings Ltd.,500343,B
Amkay Products Ltd.,544169,M
Ampvolts Ltd.,535719,X
Amrapali Capital & Finance Services Ltd.,536737,MT
Amrapali Fincap Ltd.,539265,MT
Amrapali Industries Ltd.,526241,X
Amraworld Agrico Ltd.,531991,X
Amrit Corp. Ltd.,507525,X
Amrutanjan Health Care Ltd.,590006,B
AMS Polymers Ltd.,540066,XT
Amsons Apparels Ltd.,538861,Z
Anand Projects Ltd.,501630,XT
Anand Rathi Wealth Ltd.,543415,A
Anand Rayons Ltd.,542721,B
Anant Raj Ltd.,515055,A
Andhra Cements Ltd.,532141,B
Andhra Paper Ltd.,502330,B
Andhra Petrochemicals Ltd.,500012,X
Andhra Sugars Ltd.,590062,B
Andrew Yule & Company Ltd.,526173,B
Aneri Fincap Ltd.,531252,Z
ANG Industries Ltd.,530721,Z
ANG Lifesciences India Ltd.,540694,B
Angel Fibers Ltd.,541006,M
Angel One Ltd.,543235,A
Anik Industries Ltd.,519383,T
Anjani Finance Ltd.,531878,X
Anjani Foods Ltd.,511153,X
Anjani Portland Cement Ltd.,518091,B
Anjani Synthetics Ltd.,531223,X
Anka India Ltd.,531673,X
Ankit Metal & Power Ltd.,532870,Z
Ankush Finstock Ltd.,531519,Z
Anmol India Ltd.,542437,B
Anna Infrastructures Ltd.,530799,XT
ANS Industries Ltd.,531406,X
Ansal Buildwell Ltd.,523007,XT
Ansal Housing Ltd.,507828,XT
Ansal Properties & Infrastructure Ltd.,500013,Z
Antarctica Ltd.,526715,B
Antony Waste Handling Cell Ltd.,543254,B
Anuh Pharma Ltd.,506260,B
Anup Malleables Ltd.,506087,P
Anupam Finserv Ltd.,530109,X
Anupam Rasayan India Ltd.,543275,A
Anuroop Packaging Ltd.,542865,T
Apar Industries Ltd.,532259,A
Apcotex Industries Ltd.,523694,B
Apeejay Surrendra Park Hotels Ltd.,544111,B
Apex Capital And Finance Ltd.,541133,XT
Apex Frozen Foods Ltd.,540692,B
Apis India Ltd.,506166,XT
Company,Code,Group
APL Apollo Tubes Ltd.,533758,A
Aplab Ltd.,517096,X
Aplaya Creations Ltd.,511064,Z
APM Industries Ltd.,523537,X
Apollo Finvest (India) Ltd.,512437,X
Apollo Hospitals Enterprise Ltd.,508869,A
Apollo Ingredients Ltd.,503639,XT
Apollo Micro Systems Ltd.,540879,B
Apollo Pipes Ltd.,531761,B
Apollo TriCoat Tubes Ltd.,538566,A
Apollo Tyres Ltd.,500877,A
Apoorva Leasing Finance & Investment Co. Ltd.,539545,X
Apt Packaging Ltd.,506979,XT
Aptech Ltd.,532475,B
Aptus Value Housing Finance India Ltd.,543335,A
Arambhan Hospitality Services Ltd.,539403,M
Aravali Securities & Finance Ltd.,512344,X
ARC Finance Ltd.,540135,XT
Arcee Industries Ltd.,520121,X
Archean Chemical Industries Ltd.,543657,A
Archidply Decor Ltd.,543231,T
Archidply Industries Ltd.,532994,B
Archies Ltd.,532212,T
Archit Organosys Ltd.,524640,X
ARCL Organics Ltd.,543993,XT
Arcotech Ltd.,532914,Z
Ardi Investment & Trading Company Ltd.,504370,XT
Arex Industries Ltd.,526851,X
Arfin India Ltd.,539151,X
Aries Agro Ltd.,532935,B
Arigato Universe Ltd.,530267,XT
Arihant Capital Markets Ltd.,511605,B
Arihant Foundations & Housing Ltd.,531381,XT
Arihant Institute Ltd.,541401,MT
Arihant Superstructures Ltd.,506194,B
Arihants Securities Ltd.,531017,X
Aris International Ltd.,531677,XT
Arkade Developers Ltd.,544261,B
Arman Financial Services Ltd.,531179,B
Arman Holdings Ltd.,538556,X
Arnav Corporation Ltd.,531467,Z
Arnold Holdings Ltd.,537069,XT
Aro Granite Industries Ltd.,513729,B
Aroma Enterprises (India) Ltd.,531560,Z
Arrow Greentech Ltd.,516064,B
Arrowhead Seperation Engineering Ltd.,544025,M
Arshiya Ltd.,506074,T
ARSS Infrastructure Projects Ltd.,533163,T
Artech Power & Trading Ltd.,517481,Z
Artefact Projects Ltd.,531297,X
Artemis Electricals and Projects Ltd.,542670,B
Artemis Medicare Services Ltd.,542919,B
Artificial Electronics Intelligent Material Ltd.,526443,XT
Artson Engineering Ltd.,522134,XT
Aruna Hotels Ltd.,500016,X
Arunis Abode Ltd.,526935,X
Arunjyoti Bio Ventures Ltd.,530881,XT
Arvind Fashions Ltd.,542484,A
Arvind Ltd.,500101,A
Arvind SmartSpaces Ltd.,539301,B
Aryaman Capital Markets Ltd.,538716,MT
Aryaman Financial Services Ltd.,530245,X
Aryan Shares & Stock Brokers Ltd.,542176,XT
Aryavan Enterprise Ltd.,539455,XT
Asahi India Glass Ltd.,515030,A
Asahi Industries Ltd.,514482,ZP
Asahi Infrastructure & Projects Ltd.,512535,Z
Asahi Songwon Colors Ltd.,532853,T
Asarfi Hospital Ltd.,543943,M
Ascensive Educare Ltd.,543443,MS
Aseem Global Ltd.,534564,Z
Ashapura Minechem Ltd.,527001,A
Ashapuri Gold Ornament Ltd.,542579,B
Ashari Agencies Ltd.,540024,Z
Ashiana Agro Industries Ltd.,519174,XT
Ashiana Housing Ltd.,523716,B
Ashiana Ispat Ltd.,513401,X
Ashika Credit Capital Ltd.,543766,XT
Ashima Ltd.,514286,T
Ashirwad Capital Ltd.,512247,X
Ashirwad Steels & Industries Ltd.,526847,X
Ashish Polyplast Ltd.,530429,XT
Ashnisha Industries Ltd.,541702,X
Ashnoor Textile Mills Ltd.,507872,X
Ashok Leyland Ltd.,500477,A
Ashoka Buildcon Ltd.,533271,A
Ashoka Metcast Ltd.,540923,T
Ashoka Refineries Ltd.,526983,P
Ashram Online.com Ltd.,526187,X
Ashtasidhhi Industries Ltd.,531341,X
ASI Industries Ltd.,502015,XT
Asia Capital Ltd.,538777,XT
Asia Pack Ltd.,530899,X
Asian Energy Services Ltd.,530355,B
Asian Fertilizers Ltd.,524695,P
Asian Flora Ltd.,531392,Z
Asian Granito India Ltd.,532888,B
Asian Hotels (East) Ltd.,533227,B
Asian Hotels (North) Ltd.,500023,B
Asian Hotels (West) Ltd. 533221 ZCompany,Code,Group
Asian Paints Ltd.,500820,A
Asian Petroproducts & Exports Ltd.,524434,X
Asian Star Company Ltd.,531847,B
Asian Tea Exports Ltd.,519532,X
Asian Warehousing Ltd.,543927,XT
Asis Logistics Ltd.,506159,XT
Asit C Mehta Financial Services Ltd.,530723,X
ASK Automotive Ltd.,544022,B
ASM Technologies Ltd.,526433,X
Aspira Pathlab & Diagnostics Ltd.,540788,XT
Assam Entrade Ltd.,542911,XT
Associated Alcohols & Breweries Ltd.,507526,B
Associated Ceramics Ltd.,531168,XT
Associated Coaters Ltd.,544183,M
Astal Laboratories Ltd.,512600,XT
Astec Lifesciences Ltd.,533138,B
Aster DM Healthcare Ltd.,540975,A
Astra Microwave Products Ltd.,532493,A
Astral Ltd.,532830,A
AstraZeneca Pharma India Ltd.,506820,A
Astron Paper & Board Mill Ltd.,540824,B
Asutosh Enterprises Ltd.,512433,P
Asya Infosoft Ltd.,511144,Z
Atal Realtech Ltd.,543911,B
Atam Valves Ltd.,543236,B
Atcom Technologies Ltd.,527007,B
Atharv Enterprises Ltd.,530187,X
Athena Constructions Ltd.,539099,M
Athena Global Technologies Ltd.,517429,X
Atishay Ltd.,538713,XT
Atlanta Devcon Ltd.,526843,Z
Atlanta Infrastructure and Finance Ltd.,530479,XD
Atlantaa Ltd,532759,T
Atlas Cycles (Haryana) Ltd.,505029,Z
Atlas Jewellery India Ltd.,514394,Z
ATN International Ltd.,511427,T
Atul Auto Ltd.,531795,B
Atul Ltd.,500027,A
ATV Projects India Ltd.,500028,X
Au Small Finance Bank Ltd.,540611,A
Aurionpro Solutions Ltd.,532668,B
Auro Laboratories Ltd.,530233,X
Aurobindo Pharma Ltd.,524804,A
Auroma Coke Ltd.,531336,Z
Aurum Proptech Ltd.,539289,T
Ausom Enterprise Ltd.,509009,B
Austin Engineering Company Ltd.,522005,X
Authum Investment & Infrastructure Ltd.,539177,A
Auto Pins (India) Ltd.,531994,XT
Autoline Industries Ltd.,532797,B
Autolite (India) Ltd.,500029,Z
Automobile Corporation Of Goa Ltd.,505036,B
Automotive Axles Ltd.,505010,B
Automotive Stampings and Assemblies Ltd.,520119,B
Autoriders Finance Ltd.,500030,Z
Autoriders International Ltd.,512277,XT
Avadh Sugar & Energy Ltd.,540649,B
Available Finance Ltd.,531310,XT
Avalon Technologies Ltd.,543896,A
Avance Technologies Ltd.,512149,X
Avantel Ltd.,532406,B
Avanti Feeds Ltd.,512573,A
Avasara Finance Ltd.,511730,XT
Aveer Foods Ltd.,543737,X
Avenue Supermarts Ltd.,540376,A
AVG Logistics Ltd.,543910,B
AVI Polymers Ltd.,539288,X
AVI Products India Ltd.,523896,X
Avishkar Infra Realty Ltd.,508929,XT
Aviva Industries Ltd.,512109,XT
Avonmore Capital & Management Services Ltd.,511589,T
Avro India Ltd.,543512,T
AVT Natural Products Ltd.,519105,B
Awfis Space Solutions Ltd,544181,B
Axel Polymers Ltd.,513642,X
Axis Bank Ltd.,532215,A
AXISCADES Technologies Ltd.,532395,B
Axita Cotton Ltd.,542285,B
Axon Ventures Ltd.,505506,X
Axtel Industries Ltd.,523850,X
AYM Syntex Ltd.,508933,T
Azad Engineering Ltd.,544061,B
Azad India Mobility Ltd.,504731,XT
Aztec Fluids & Machinery Ltd.,544177,M
B C Power Controls Ltd.,537766,X
B L Kashyap & Sons Ltd.,532719,B
B N Rathi Securities Ltd.,523019,X
B P Capital Ltd.,536965,XT
B&A Ltd.,508136,X
B&A Packaging India Ltd.,523186,XT
B&B Realty Ltd.,506971,Z
B&B Triplewall Containers Ltd.,543668,B
B-Right Realestate Ltd.,543543,MT
B2B Software Technologies Ltd.,531268,X
Baazar Style Retail Ltd.,544243,B
Baba Arts Ltd.,532380,X
Bacil Pharma Ltd.,524516,XT
Baffin Engineering Projects Ltd.,532161,T
Bafna Pharmaceuticals Ltd.,532989,T
BAG Films & Media Ltd.,532507,B
Company,Code,Group
Baid Finserv Ltd.,511724,T
Bajaj Auto Ltd.,532977,A
Bajaj Consumer Care Ltd.,533229,A
Bajaj Electricals Ltd.,500031,A
Bajaj Finance Ltd.,500034,A
Bajaj Finserv Ltd.,532978,A
Bajaj Healthcare Ltd.,539872,B
Bajaj Hindusthan Sugar Ltd.,500032,A
Bajaj Holdings & Investment Ltd.,500490,A
Bajaj Housing Finance Ltd.,544252,B
Bajaj Steel Industries Ltd.,507944,X
Bajel Projects Ltd.,544042,B
Bajrang Finance Ltd.,511139,XT
Bal Pharma Ltd.,524824,T
Balaji Amines Ltd.,530999,A
Balaji Telefilms Ltd.,532382,T
Balasore Alloys Ltd.,513142,Z
Balgopal Commercial Ltd.,539834,XT
Balkrishna Industries Ltd.,502355,A
Balkrishna Paper Mills Ltd.,539251,B
Ballarpur Industries Ltd.,500102,Z
Balmer Lawrie & Company Ltd.,523319,A
Balmer Lawrie Investments Ltd.,532485,B
Balrampur Chini Mills Ltd.,500038,A
Balu Forge Industries Ltd.,531112,B
Balurghat Technologies Ltd.,520127,X
Bambino Agro Industries Ltd.,519295,X
Bampsl Securities Ltd.,531591,X
Banaras Beads Ltd.,526849,B
Banas Finance Ltd.,509053,X
Banco Products (India) Ltd.,500039,B
Bandaram Pharma Packtech Ltd.,524602,XT
Bandhan Bank Ltd.,541153,A
Bang Overseas Ltd.,532946,B
Bangalore Fort Farms Ltd.,539120,XT
Bank of Baroda,532134,A
Bank of India,532149,A
Bank of Maharashtra,532525,A
Bannari Amman Spinning Mills Ltd.,532674,T
Bannari Amman Sugars Ltd.,500041,B
Bansal Roofing Products Ltd.,538546,T
Bansal Wire Industries Ltd.,544209,B
Bansisons Tea Industries Ltd.,519353,ZP
Banswara Syntex Ltd.,503722,B
Barak Valley Cements Ltd.,532916,B
Barbeque-Nation Hospitality Ltd.,543283,B
Baroda Extrusion Ltd.,513502,XT
Baroda Rayon Corporation Ltd.,500270,X
Baron Infotech Ltd.,532336,XT
Bartronics India Ltd.,532694,B
Basant Agro Tech (India) Ltd.,524687,X
BASF India Ltd.,500042,A
Bata India Ltd.,500043,A
Batliboi Ltd.,522004,X
Bayer Cropscience Ltd.,506285,A
Bazel International Ltd.,539946,XT
BCC Fuba India Ltd.,517246,XT
BCL Enterprises Ltd.,539621,X
BCL Industries Ltd.,524332,B
BCPL International Ltd.,538364,Z
BCPL Railway Infrastructure Ltd.,542057,B
BDH Industries Ltd.,524828,X
Beardsell Ltd.,539447,B
Bedmutha Industries Ltd.,533270,B
Bee Electronic Machines Ltd.,517203,XD
Beekay Niryat Ltd.,539546,XT
Beekay Steel Industries Ltd.,539018,B
Beeyu Overseas Ltd.,532645,X
Bella Casa Fashion & Retail Ltd.,539399,XT
Bemco Hydraulics Ltd.,522650,X
BEML Land Assets Ltd.,543898,B
BEML Ltd.,500048,A
Benara Bearings & Pistons Ltd.,541178,M
Benares Hotels Ltd.,509438,B
Benchmark Computer Solutions Ltd.,544052,M
Bengal & Assam Company Ltd.,533095,B
Bengal Steel Industries Ltd.,512404,P
Bengal Tea and Fabrics Ltd.,532230,X
Bentley Commercial Enterprises Ltd.,512195,P
Berger Paints (India) Ltd.,509480,A
Bervin Investment & Leasing Ltd.,531340,XT
Beryl Drugs Ltd.,524606,X
Beryl Securities Ltd.,531582,X
Best Agrolife Ltd.,539660,B
Best Eastern Hotels Ltd.,508664,X
Betala Global Securities Ltd.,531530,XT
Betex India Ltd.,512477,XT
BF Investment Ltd.,533303,B
BF Utilities Ltd.,532430,Z
BFL Asset Finvest Ltd.,539662,X
BGIL Films & Technologies Ltd.,511664,XT
BGR Energy Systems Ltd.,532930,B
Bhagawati Oxygen Ltd.,509449,XT
Bhageria Industries Ltd.,530803,T
Bhagiradha Chemicals & Industries Ltd.,531719,B
Bhagwati Autocast Ltd.,504646,X
Bhagyanagar India Ltd.,512296,B
Bhagyanagar Properties Ltd.,540621,B
Bhagyashree Leasing & Finance Ltd.,511698,XT
Bhakti Gems and Jewellery Ltd. 540545 BCompany,Code,Group
Bhandari Hosiery Exports Ltd.,512608,B
Bhanderi Infracon Ltd.,538576,MT
Bhansali Engineering Polymers Ltd.,500052,B
Bharat Agri Fert & Realty Ltd.,531862,X
Bharat Bhushan Finance & Commodity Brokers Ltd.,511501,X
Bharat Bijlee Ltd.,503960,B
Bharat Dynamics Ltd.,541143,A
Bharat Electronics Ltd.,500049,A
Bharat Forge Ltd.,500493,A
Bharat Gears Ltd.,505688,B
Bharat Global Developers Ltd.,521238,XT
Bharat Heavy Electricals Ltd.,500103,A
Bharat Immunological & Biologicals Corporation Ltd.,524663,B
Bharat Petroleum Corporation Ltd.,500547,A
Bharat Rasayan Ltd.,590021,B
Bharat Road Network Ltd.,540700,B
Bharat Seats Ltd.,523229,X
Bharat Textiles & Proofing Industries Ltd.,531029,P
Bharat Wire Ropes Ltd.,539799,B
Bharati Defence and Infrastructure Ltd.,532609,Z
Bharatiya Global Infomedia Ltd.,533499,Z
Bharti Airtel Ltd.,532454,A
Bharti Hexacom Ltd.,544162,B
Bhartiya International Ltd.,526666,T
Bhaskar Agrochemicals Ltd.,524534,X
Bhatia Colour Chem Ltd.,543497,MT
Bhatia Communications & Retail (India) Ltd.,540956,T
Bheema Cements Ltd.,518017,Z
Bhilwara Spinners Ltd.,514272,X
Bhilwara Technical Textiles Ltd.,533108,X
Bhoruka Aluminium Ltd.,506027,XT
Bhudevi Infra Projects Ltd.,526488,XT
Bigbloc Construction Ltd.,540061,B
Bihar Sponge Iron Ltd.,500058,X
Bijlee Textiles Ltd.,512313,XT
Bijoy Hans Ltd.,524723,X
Bikaji Foods International Ltd.,543653,A
Bil Energy Systems Ltd.,533321,Z
Bilcare Ltd.,526853,X
Billwin Industries Ltd.,543209,M
Bimetal Bearings Ltd.,505681,X
Binani Industries Ltd.,500059,T
Binayak Tex Processors Ltd.,523054,XT
Bindal Exports Ltd.,540148,MT
Binny Ltd.,514215,Z
Bio Green Papers Ltd.,534535,XT
Biocon Ltd.,532523,A
Biofil Chemicals & Pharmaceuticals Ltd.,524396,B
Biogen Pharmachem Industries Ltd.,531752,X
Biopac India Corporation Ltd.,532330,XT
Birla Cable Ltd.,500060,B
Birla Capital And Financial Services Ltd.,512332,Z
Birla Corporation Ltd.,500335,A
Birla Cotsyn (India) Ltd.,533006,Z
Birla Precision Technologies Ltd.,522105,X
Birla Tyres Ltd.,542932,T
Birlasoft Ltd.,532400,A
Bisil Plast Ltd.,531671,XT
BITS Ltd.,526709,XT
Bizotic Commercial Ltd.,543926,MT
BJ Duplex Boards Ltd.,531647,XT
BKM Industries Ltd.,539043,Z
BKV Industries Ltd.,519500,X
Black Box Ltd.,500463,B
Black Rose Industries Ltd.,514183,X
BLB Ltd.,532290,B
Bliss GVS Pharma Ltd.,506197,B
Bloom Dekor Ltd.,526225,XT
Bloom Industries Ltd.,513422,XT
BLS E-Services Ltd.,544107,B
BLS Infotech Ltd.,531175,Z
BLS International Services Ltd.,540073,A
Blue Blends (India) Ltd.,502761,Z
Blue Chip India Ltd.,531936,T
Blue Chip Tex Industries Ltd.,506981,X
Blue Circle Services Ltd.,508939,XT
Blue Cloud Softech Solutions Ltd.,539607,B
Blue Coast Hotels Ltd.,531495,T
Blue Dart Express Ltd.,526612,A
Blue Jet Healthcare Ltd,544009,B
Blue Pearl Agriventures Ltd.,514440,XT
Blue Star Ltd.,500067,A
Blueblood Ventures Ltd.,539637,M
Bluechip Stockspin Ltd.,531713,ZP
BMB Music & Magnetics Ltd.,531420,Z
BMW Industries Ltd.,542669,B
BN Holdings Ltd.,526125,XT
BNR Udyog Ltd.,530809,XT
Bobshell Electrodes Ltd.,526925,XD
Bodal Chemicals Ltd.,524370,B
Bodhi Tree Multimedia Ltd.,543767,B
Bodhtree Consulting Ltd.,539122,XT
Bombay Burmah Trading Corporation Ltd.,501425,A
Bombay Cycle & Motor Agency Ltd.,501430,X
Bombay Dyeing & Manufacturing Company Ltd.,500020,A
Bombay Oxygen Investments Ltd.,509470,X
Bombay Potteries & Tiles Ltd.,502216,ZP
Bombay Rayon Fashions Ltd.,532678,Z
Bombay Talkies Ltd.,511246,XT
Bombay Wire Ropes Ltd.,504648,X
Company,Code,Group
Bonanza Industries Ltd.,523133,Z
Bondada Engineering Ltd.,543971,M
Bonlon Industries Ltd.,543211,B
Borosil Ltd.,543212,B
Borosil Renewables Ltd.,502219,A
Borosil Scientific Ltd.,544184,B
Bosch Ltd.,500530,A
Boston Leasing and Finance Ltd.,539274,Z
Bothra Metals & Alloys Ltd.,535279,M
BPL Ltd.,500074,B
Brady & Morris Engg Co Ltd.,505690,XT
Brahmaputra Infrastructure Ltd.,535693,X
Brainbees Solutions Ltd.,544226,B
Brand Concepts Ltd.,543442,B
Brandbucket Media & Technology Ltd.,543439,MT
Brawn Biotech Ltd.,530207,X
Bridge Securities Ltd.,530249,XT
Brigade Enterprises Ltd.,532929,A
Bright Brothers Ltd.,526731,XT
Bright Outdoor Media Ltd.,543831,M
Brightcom Group Ltd.,532368,Z
Brijlaxmi Leasing & Finance Ltd.,532113,XT
Brilliant Portfolios Ltd.,539434,X
Brisk Technovision Ltd.,544101,M
Britannia Industries Ltd.,500825,A
Broach Lifecare Hospital Ltd.,544231,MT
Bronze Infra Tech Ltd.,534731,Z
Bronze Trading Ltd.,539873,Z
Brooks Laboratories Ltd.,533543,T
BSEL Algo Ltd.,532123,X
BSL Ltd.,514045,B
Budge Budge Company Ltd.,538789,X
Burnpur Cement Ltd.,532931,T
Butterfly Gandhimathi Appliances Ltd.,517421,B
BWL Ltd.,504643,Y
C & C Constructions Ltd.,532813,Z
C.E. Info Systems Ltd.,543425,A
Calcom Vision Ltd.,517236,X
California Software Company Ltd.,532386,T
Callista Industries Ltd.,539335,Z
Cals Refineries Ltd.,526652,Z
Cambridge Technology Enterprises Ltd.,532801,T
Camex Ltd.,524440,X
Camlin Fine Sciences Ltd.,532834,B
Campus Activewear Ltd.,543523,A
Camson Seeds Ltd.,540071,Z
Can Fin Homes Ltd.,511196,A
Canara Bank,532483,A
Candour Techtex Ltd.,522292,XT
Canopy Finance Ltd.,539304,X
Cantabil Retail India Ltd.,533267,B
Capacit'e Infraprojects Ltd.,540710,A
Capfin India Ltd.,539198,XT
Capital India Finance Ltd.,530879,X
Capital Small Finance Bank Ltd.,544120,B
Capital Trade Links Ltd.,538476,X
Capital Trust Ltd.,511505,T
Caplin Point Laboratories Ltd.,524742,A
Capri Global Capital Ltd.,531595,A
Capricorn Systems Global Solutions Ltd.,512169,XT
Caprihans India Ltd.,509486,X
Caprolactam Chemicals Ltd.,507486,X
Captain Pipes Ltd.,538817,B
Captain Polyplast Ltd.,536974,X
Captain Technocast Ltd.,540652,M
Carborundum Universal Ltd.,513375,A
CARE Ratings Ltd.,534804,A
Career Point Ltd.,533260,T
Cargosol Logistics Ltd.,543621,M
Cargotrans Maritime Ltd.,543618,M
Carnation Industries Ltd.,530609,X
CarTrade Tech Ltd.,543333,A
Carysil Ltd.,524091,B
Caspian Corporate Services Ltd.,534732,XT
Castrol India Ltd.,500870,A
CAT Technologies Ltd.,531682,Z
Catvision Ltd.,531158,X
CCL International Ltd.,531900,X
CCL Products India Ltd.,519600,A
CDG Petchem Ltd.,534796,XT
Ceat Ltd.,500878,A
Ceejay Finance Ltd.,530789,X
Ceenik Exports (India) Ltd.,531119,XT
Ceeta Industries Ltd.,514171,XT
Ceigall India Ltd.,544223,B
Ceinsys Tech Ltd.,538734,X
Celebrity Fashions Ltd.,532695,B
Celestial Biolabs Ltd.,532871,Z
Cella Space Ltd.,532701,Z
Cello World Ltd.,544012,B
Cenlub Industries Ltd.,522251,X
Centenial Surgical Suture Ltd.,531380,X
Centerac Technologies Ltd.,531621,X
Central Bank of India,532885,A
Central Provinces Railways Company Ltd.,501827,Z
Centron Industrial Alliance Ltd.,509499,XD
Centrum Capital Ltd.,501150,B
Centum Electronics Ltd.,517544,B
Century Enka Ltd.,500280,B
Century Extrusions Ltd. 500083 TCompany,Code,Group
Century Plyboards (India) Ltd.,532548,A
Cera Sanitaryware Ltd.,532443,A
Cerebra Integrated Technologies Ltd.,532413,T
CES Ltd.,512341,XT
CESC Ltd.,500084,A
CFF Fluid Control Ltd.,543920,M
CFSL Ltd.,511710,X
CG Power and Industrial Solutions Ltd.,500093,A
CG-VAK Software & Exports Ltd.,531489,X
Chadha Papers Ltd.,531946,XT
Chalet Hotels Ltd.,542399,A
Challani Capital Ltd.,530747,X
Chamak Holdings Ltd.,539600,X
Chaman Lal Setia Exports Ltd.,530307,B
Chambal Breweries & Distilleries Ltd.,512301,XT
Chambal Fertilisers & Chemicals Ltd.,500085,A
Chandni Machines Ltd.,542627,X
Chandra Bhagat Pharma Ltd.,542934,M
Chandra Prabhu International Ltd.,530309,X
Chandrima Mercantiles Ltd.,540829,XT
Channel Nine Entertainment Ltd.,535142,MT
Charms Industries Ltd.,531327,XT
Chartered Capital & Investment Ltd.,511696,X
Chartered Logistics Ltd.,531977,X
Chase Bright Steel Ltd.,504671,Y
Chatha Foods Ltd.,544151,M
CHD Chemicals Ltd.,539800,B
CHD Developers Ltd.,526917,Z
Checkpoint Trends Ltd.,531099,XT
Chembond Chemicals Ltd.,530871,B
Chemcon Speciality Chemicals Ltd.,543233,B
Chemcrux Enterprises Ltd.,540395,B
Chemfab Alkalis Ltd.,541269,B
Chemiesynth (Vapi) Ltd.,539230,X
Chemo Pharma Laboratories Ltd.,506365,X
Chemplast Sanmar Ltd.,506355,T
Chemtech Industrial Valves Ltd.,537326,XT
Chennai Ferrous Industries Ltd.,539011,X
Chennai Meenakshi Multispeciality Hospital Ltd.,523489,X
Chennai Petroleum Corporation Ltd.,500110,A
Cheviot Company Ltd.,526817,B
CHL Ltd.,532992,X
Choice International Ltd.,531358,A
Choksi Imaging Ltd.,530427,X
Choksi Laboratories Ltd.,526546,X
Cholamandalam Financial Holdings Ltd.,504973,A
Cholamandalam Investment & Finance Company Ltd.,511243,A
Chordia Food Products Ltd.,519475,X
Chothani Foods Ltd.,540681,M
Chowgule Steamships Ltd.,501833,X
Chromatic India Ltd.,530191,Z
Chrome Silicon Ltd.,513005,X
CIAN Agro Industries & Infrastructure Ltd.,519477,XT
Cian Healthcare Ltd.,542678,MT
CIE Automotive India Ltd.,532756,A
Cigniti Technologies Ltd.,534758,A
CIL Nova Petrochemicals Ltd.,533407,XT
CIL Securities Ltd.,530829,X
Cindrella Financial Services Ltd.,531283,X
Cindrella Hotels Ltd.,526373,X
Cineline India Ltd.,532807,B
Cinerad Communications Ltd.,530457,XT
Cinevista Ltd.,532324,B
Cipla Ltd.,500087,A
Cistro Telelink Ltd.,531775,XT
Citadel Realty & Developers Ltd.,502445,X
Citi Port Financial Services Ltd.,531235,X
Citizen Infoline Ltd.,538786,XT
Citurgia Biochemicals Ltd.,506373,XC
City Crops Agro Ltd.,544000,M
City Online Services Ltd.,538674,Z
City Pulse Multiplex Ltd.,542727,MT
City Union Bank Ltd.,532210,A
Cityman Ltd.,521210,X
Cityon Systems (India) Ltd.,780013,IP
CJ Gelatine Products Ltd.,507515,X
CL Educate Ltd.,540403,T
Clara Industries Ltd.,543435,MT
Classic Electricals Ltd.,512213,XT
Classic Global Finance And Capital Ltd.,538433,Z
Classic Leasing & Finance Ltd.,540481,XT
CLC Industries Ltd.,521082,Z
Clean Science & Technology Ltd.,543318,A
Clinitech Laboratory Ltd.,544220,M
CLIO Infotech Ltd.,530839,X
CMI Ltd.,517330,Z
CMS Info Systems Ltd.,543441,A
CMX Holdings Ltd.,532217,XT
CNI Research Ltd.,512018,XT
Coal India Ltd.,533278,A
Coastal Corporation Ltd.,501831,B
Coastal Roadways Ltd.,520131,P
Cochin Malabar Estates & Industries Ltd.,508571,XT
Cochin Minerals & Rutile Ltd.,513353,X
Cochin Shipyard Ltd.,540678,T
Coffee Day Enterprises Ltd.,539436,T
Coforge Ltd.,532541,A
Colab Cloud Platforms Ltd.,542866,X
Colgate-Palmolive (India) Ltd.,500830,A
Colinz Laboratories Ltd.,531210,X
Company,Code,Group
Colorchips New Media Ltd.,540023,X
Comfort Commotrade Ltd.,534691,XT
Comfort Fincap Ltd.,535267,X
Comfort Intech Ltd.,531216,XT
Command Polymers Ltd.,543843,MT
Commercial Syn Bags Ltd.,539986,B
Commex Technology Ltd.,532342,Z
Competent Automobiles Co Ltd.,531041,X
Compuage Infocom Ltd.,532456,Z
Compucom Software Ltd.,532339,B
Computer Age Management Services Ltd.,543232,A
Computer Point Ltd.,507833,X
Comrade Appliances Ltd.,543921,M
Conart Engineers Ltd.,522231,X
Concord Biotech Ltd.,543960,A
Concord Control Systems Ltd.,543619,M
Concord Drugs Ltd.,538965,X
Concrete Infra & Media Ltd.,539266,Z
Confidence Futuristic Energetech Ltd.,539991,X
Confidence Petroleum India Ltd.,526829,B
Consecutive Investments & Trading Company Ltd.,539091,XT
Consolidated Construction Consortium Ltd.,532902,T
Consolidated Finvest & Holdings Ltd.,500226,B
Constronics Infra Ltd.,523844,XT
Containe Technologies Ltd.,543606,MT
Container Corporation of India Ltd.,531344,A
Contil India Ltd.,531067,XT
Continental Chemicals Ltd.,506935,X
Continental Controls Ltd.,531460,X
Continental Petroleums Ltd.,523232,X
Continental Securities Ltd.,538868,XT
Control Print Ltd.,522295,B
Coral India Finance and Housing Ltd.,531556,T
Coral Laboratories Ltd.,524506,X
Coral Newsprints Ltd.,530755,XT
Cords Cable Industries Ltd.,532941,B
Coromandel Agro Products and Oils Ltd.,507543,P
Coromandel Engineering Company Ltd.,533167,XT
Coromandel International Ltd.,506395,A
Corporate Couriers & Cargo Ltd.,526737,Z
Corporate Merchant Bankers Ltd.,540199,X
Cosboard Industries Ltd.,530859,Z
Cosco (India) Ltd.,530545,X
Cosmic CRF Ltd.,543928,M
Cosmo Ferrites Ltd.,523100,XT
Cosmo First Ltd.,508814,B
Cospower Engineering Ltd.,543172,MT
Cosyn Ltd.,538922,X
Country Club Hospitality & Holidays Ltd.,526550,T
Country Condo's Ltd.,531624,B
Coventry Coil-O-Matic (Haryana) Ltd.,523415,Z
Covidh Technologies Ltd.,534920,XT
Cox & Kings Financial Services Ltd.,542641,Z
Cox & Kings Ltd.,533144,Z
Craftsman Automation Ltd.,543276,A
Crane Infrastructure Ltd.,538770,X
Cranes Software International Ltd.,512093,Z
Cranex Ltd.,522001,XT
Cravatex Ltd.,509472,X
Crazy Infra & Infomedia Ltd.,524388,Z
Creative Castings Ltd.,539527,X
Creative Eye Ltd.,532392,T
Credence Sound & Vision Ltd.,526741,XD
Credent Global Finance Ltd.,539598,X
CreditAccess Grameen Ltd.,541770,A
Credo Brands Marketing Ltd.,544058,B
Crescent Leasing Ltd.,539131,Z
Cressanda Railway Solutions Ltd.,512379,XT
Crest Ventures Ltd.,511413,B
Crestchem Ltd.,526269,XT
Crimson Metal Engineering Company Ltd.,526977,P
Crisil Ltd.,500092,A
Croissance Ltd.,531909,X
Crompton Greaves Consumer Electricals Ltd.,539876,A
Cropster Agro Ltd.,523105,XT
CRP Risk Management Ltd.,540903,M
Crysdale Industries Ltd.,502473,ZY
CSB Bank Ltd.,542867,A
CSL Finance Ltd.,530067,B
Cubex Tubings Ltd.,526027,B
Cummins India Ltd.,500480,A
Cupid Breweries & Distilleries Ltd.,512361,XD
Cupid Ltd.,530843,B
Cura Technologies Ltd.,532332,Z
CWD Ltd.,543378,MS
Cybele Industries Ltd.,531472,X
Cyber Media (India) Ltd.,532640,B
Cyberscape Multimedia Ltd.,532364,Z
Cybertech Systems & Software Ltd.,532173,T
Cyient DLM Ltd.,543933,A
Cyient Ltd.,532175,A
D & H India Ltd.,517514,XT
D P Abhushan Ltd.,544161,B
D P Wires Ltd.,543962,B
D-Link (India) Ltd.,533146,B
Dabur India Ltd.,500096,A
Dai Ichi Karkaria Ltd.,526821,X
Daikaffil Chemicals India Ltd.,530825,XT
Dalal Street Investments Ltd.,501148,XT
Dalmia Bharat Ltd. 542216 ACompany,Code,Group
Dalmia Bharat Sugar and Industries Ltd.,500097,B
Dalmia DSP Ltd.,502150,P
Dalmia Industrial Development Ltd.,539900,Z
Damodar Industries Ltd.,521220,B
Danlaw Technologies India Ltd.,532329,XT
Danube Industries Ltd.,540361,X
DAPS Advertising Ltd.,543651,M
Darjeeling Ropeway Company Ltd.,539770,XT
Darshan Orna Ltd.,539884,X
Data Patterns (India) Ltd.,543428,A
Datamatics Global Services Ltd.,532528,A
Datiware Maritime Infra Ltd.,519413,P
Daulat Securities Ltd.,530171,XT
Davangere Sugar Company Ltd.,543267,B
Dazzel Confindive Ltd.,531270,XT
DB (International) Stock Brokers Ltd.,530393,B
DB Corp Ltd.,533151,B
DC Infotech and Communication Ltd.,543636,B
DCB Bank Ltd.,532772,A
DCM Financial Services Ltd.,511611,T
DCM Ltd.,502820,T
DCM Nouvelle Ltd.,542729,B
DCM Shriram Industries Ltd.,523369,B
DCM Shriram Ltd.,523367,A
DCW Ltd.,500117,A
DCX Systems Ltd.,543650,B
Ddev Plastiks Industries Ltd.,543547,B
De Nora India Ltd.,590031,B
Deccan Bearings Ltd.,505703,XT
Deccan Cements Ltd.,502137,B
Deccan Gold Mines Ltd.,512068,B
Deccan Health Care Ltd.,542248,B
Deccan Polypacks Ltd.,531989,Z
Decillion Finance Ltd.,539190,X
Decipher Labs Ltd.,524752,X
Deco-Mica Ltd.,531227,X
Decorous Investment & Trading Co. Ltd.,539405,XT
DEE Development Engineers Ltd.,544198,B
Deep Diamond India Ltd.,539559,XT
Deep Energy Resources Ltd.,532760,T
Deep Industries Ltd.,543288,B
Deep Polymers Ltd.,541778,B
Deepak Builders & Engineers India Ltd.,544276,B
Deepak Chemtex Ltd.,544036,M
Deepak Fertilisers & Petrochemicals Corporation Ltd.,500645,A
Deepak Nitrite Ltd.,506401,A
Deepak Spinners Ltd.,514030,X
Delhivery Ltd.,543529,A
Delma Infrastructure Ltd.,512121,ZY
Delphi World Money Ltd.,533452,B
Delta Corp Ltd.,532848,A
Delta Industrial Resources Ltd.,539596,XT
Delta Leasing & Finance Ltd.,535486,Z
Delta Manufacturing Ltd.,504286,B
Delton Cables Ltd.,504240,XT
Deltron Ltd.,504256,P
Den Networks Ltd.,533137,B
Denis Chem Lab Ltd.,537536,X
Desh Rakshak Aushdhalaya Ltd.,531521,P
Dev Information Technology Ltd.,543462,B
Dev Labtech Venture Ltd.,543848,M
Devhari Exports (India) Ltd.,539197,Z
Devine Impex Ltd.,531585,X
Devoted Construction Ltd.,542002,M
Devyani International Ltd.,543330,A
DFM Foods Ltd.,519588,B
Dhabriya Polywood Ltd.,538715,XT
Dhampur Bio Organics Ltd.,543593,B
Dhampur Sugar Mills Ltd.,500119,B
Dhampure Specialty Sugars Ltd.,531923,X
Dhanada Corporation Ltd.,531198,Z
Dhanalaxmi Roto Spinners Ltd.,521216,X
Dhani Services Ltd.,532960,A
Dhanlaxmi Bank Ltd.,532180,B
Dhanlaxmi Cotex Ltd.,512485,XT
Dhanlaxmi Fabrics Ltd.,521151,X
Dhanleela Investments & Trading Company Ltd.,503637,X
Dhanuka Agritech Ltd.,507717,B
Dhanvantri Jeevan Rekha Ltd.,531043,X
Dharani Finance Ltd.,511451,X
Dharani Sugars & Chemicals Ltd.,507442,Z
Dharmaj Crop Guard Ltd.,543687,B
Dharni Capital Services Ltd.,543753,M
Dhatre Udyog Ltd.,540080,X
Dhenu Buildcon Infra Ltd.,501945,Z
Dhoot Industrial Finance Ltd.,526971,X
DHP India Ltd.,531306,X
Dhruv Consultancy Services Ltd.,541302,B
Dhruv Estates Ltd.,507886,Z
Dhruv Wellness Ltd.,540695,MT
Dhruva Capital Services Ltd.,531237,XT
Dhunseri Investments Ltd.,533336,B
Dhunseri Tea & Industries Ltd.,538902,B
Dhunseri Ventures Ltd.,523736,B
Dhyaani Tradeventures Ltd.,543516,M
Diamant Infrastructure Ltd.,508860,XT
Diamines & Chemicals Ltd.,500120,B
Diamond Power Infrastructure Ltd.,522163,T
Diana Tea Company Ltd.,530959,XT
DIC India Ltd.,500089,T
Company,Code,Group
Diffusion Engineers Ltd.,544264,B
Diggi Multitrade Ltd.,540811,M
Digicontent Ltd.,542685,T
Digidrive Distributors Ltd.,544079,B
DiGiSPICE Technologies Ltd.,517214,T
Digjam Ltd.,539979,T
Diksat Transworld Ltd.,540151,MT
Diksha Greens Ltd.,542155,M
Diligent Industries Ltd.,531153,X
Diligent Media Corporation Ltd.,540789,T
Dilip Buildcon Ltd.,540047,A
Dina Iron & Steel Ltd.,532003,P
Dindigul Farm Products Ltd.,544201,MT
Dion Global Solutions Ltd.,526927,Z
Dipna Pharmachem Ltd.,543594,M
Disa India Ltd.,500068,B
Dish TV India Ltd.,532839,A
Disha Resources Ltd.,531553,X
Dishman Carbogen Amcis Ltd.,540701,A
Divgi Torqtransfer Systems Ltd.,543812,B
Divi's Laboratories Ltd.,532488,A
Divinus Fabrics Ltd.,538432,Z
Divya Jyoti Industries Ltd.,526285,Z
Divyashakti Ltd.,526315,X
Dixon Technologies (India) Ltd.,540699,A
DJ Mediaprint & Logistics Ltd.,543193,T
DJS Stock & Shares Ltd.,511636,Z
DLF Ltd.,532868,A
DMCC Speciality Chemicals Ltd.,506405,B
DMR Hydroengineering & Infrastructure Ltd.,543410,M
Dodla Dairy Ltd.,543306,A
Dolat Algotech Ltd.,505526,B
Dolfin Rubbers Ltd.,542013,B
Dollar Industries Ltd.,541403,B
Dolphin Medical Services Ltd.,526504,XT
Dolphin Offshore Enterprises (India) Ltd.,522261,T
DOMS Industries Ltd.,544045,B
Donear Industries Ltd.,512519,T
Dot Com Global Ltd.,530391,Z
DQ Entertainment (International) Ltd.,533176,Z
Dr. Agarwal's Eye Hospital Ltd.,526783,B
Dr. Datsons Labs Ltd.,533412,X
Dr. Lal Pathlabs Ltd.,539524,A
Dr. Lalchandani Labs Ltd.,541299,M
Dr. Reddy's Laboratories Ltd.,500124,A
DRA Consultants Ltd.,540144,M
DRC Systems India Ltd.,543268,B
Dreamfolks Services Ltd.,543591,A
Dredging Corporation Of India Ltd.,523618,B
Droneacharya Aerial Innovations Ltd.,543713,M
DS Kulkarni Developers Ltd.,523890,Z
DSJ Keep Learning Ltd.,526677,T
Ducon Infratechnologies Ltd.,534674,B
Dugar Housing Developments Ltd.,511634,XT
Duke Offshore Ltd.,531471,XT
Duncan Engineering Ltd.,504908,X
Duropack Ltd.,526355,X
Duroply Industries Ltd.,516003,X
Dutron Polymers Ltd.,517437,X
Dwarikesh Sugar Industries Ltd.,532610,B
Dwitiya Trading Ltd.,538608,Z
Dynacons Systems & Solutions Ltd.,532365,B
Dynamatic Technologies Ltd.,505242,A
Dynamic Archistructures Ltd.,539681,X
Dynamic Cables Ltd.,540795,B
Dynamic Industries Ltd.,524818,X
Dynamic Microsteppers Ltd.,531330,P
Dynamic Portfolio Management & Services Ltd.,530779,X
Dynavision Ltd.,517238,X
Dynemic Products Ltd.,532707,T
E-Land Apparel Ltd.,532820,XT
Earthstahl & Alloys Ltd.,543765,M
East Buildtech Ltd.,507917,XT
East India Drums and Barrels Manufacturing Ltd.,523874,XT
East India Securities Ltd.,541053,M
East West Freight Carriers Ltd.,540006,XT
Eastcoast Steel Ltd.,520081,P
Eastern Silk Industries Ltd.,590022,T
Eastern Treads Ltd.,531346,X
Easun Capital Markets Ltd.,542906,XT
Easun Reyrolle Ltd.,532751,Z
Easy Fincorp Ltd.,511074,Z
Easy Trip Planners Ltd.,543272,A
eClerx Services Ltd.,532927,A
Eco Friendly Food Processing Park Ltd.,534839,MT
Eco Hotels and Resorts Ltd.,514402,X
Eco Recycling Ltd.,530643,XT
Ecoboard Industries Ltd.,523732,X
Econo Trade (India) Ltd.,538708,XT
Ecoplast Ltd.,526703,XT
Ecos (India) Mobility & Hospitality Ltd.,544239,B
ECS Biztech Ltd.,540063,XT
Ed & Tech International Ltd.,590038,Z
Edelweiss Financial Services Ltd.,532922,A
Educomp Solutions Ltd.,532696,Z
Eduexel Infotainment Ltd.,526483,Z
Edvenswa Enterprises Ltd.,517170,XT
Edynamics Solutions Ltd.,535694,Z
EFC (I) Ltd.,512008,X
Eicher Motors Ltd. 505200 ACompany,Code,Group
EID Parry (India) Ltd.,500125,A
Eighty Jewellers Ltd.,543518,M
EIH Associated Hotels Ltd.,523127,B
EIH Ltd.,500840,A
Eiko Lifesciences Ltd.,540204,X
Eimco Elecon (India) Ltd.,523708,B
Ejecta Marketing Ltd.,538653,Z
Ekam Leasing & Finance Company Ltd.,530581,X
Ekansh Concepts Ltd.,531364,XT
Ekennis Software Service Ltd.,543475,M
EKI Energy Services Ltd.,543284,B
EL Forge Ltd.,531144,X
Elango Industries Ltd.,513452,X
Elantas Beck India Ltd.,500123,B
Elcid Investments Ltd.,503681,XT
Eldeco Housing & Industries Ltd.,523329,B
Elecon Engineering Company Ltd.,505700,A
Electronics Mart India Ltd.,543626,A
Electrosteel Castings Ltd.,500128,A
Electrotherm (India) Ltd.,526608,T
Elegant Floriculture & Agrotech (I) Ltd.,526473,X
Elegant Marbles & Grani Industries Ltd.,526705,X
Elgi Equipments Ltd.,522074,A
Elin Electronics Ltd.,543725,B
Elitecon International Ltd.,539533,XT
Elixir Capital Ltd.,531278,XT
Ellora Paper Mills Ltd.,502374,XD
Elnet Technologies Ltd.,517477,X
Elpro International Ltd.,504000,B
EMA India Ltd.,522027,X
Emami Ltd.,531162,A
Emami Paper Mills Ltd.,533208,B
Emami Realty Ltd.,533218,B
Emco Ltd.,504008,Z
Emcure Pharmaceuticals Ltd.,544210,B
Emerald Finance Ltd.,538882,XT
Emerald Leisures Ltd.,507265,XT
Emergent Industrial Solutions Ltd.,506180,XT
Emkay Global Financial Services Ltd.,532737,T
Emmbi Industries Ltd.,533161,B
Emmessar Biotech & Nutrition Ltd.,524768,X
Emmforce Autotech Ltd.,544166,M
Emmsons International Ltd.,532038,Z
Empee Sugars and Chemicals Ltd.,500132,Z
Empire Industries Ltd.,509525,X
Empower India Ltd.,504351,X
EMS Ltd.,543983,B
eMudhra Ltd.,543533,B
Enbee Trade & Finance Ltd.,512441,X
Encash Entertainment Ltd.,538684,MT
Encode Packaging India Ltd.,530733,X
Encore Software Ltd.,531750,XD
Endurance Technologies Ltd.,540153,A
Energy Development Company Ltd.,532219,B
Engineers India Ltd.,532178,A
Enkei Wheels (India) Ltd.,533477,B
Ennore Coke Ltd.,512369,XT
Ensa Steel Industries Ltd.,512135,Z
Entero Healthcare Solutions Ltd.,544122,B
Enterprise International Ltd.,526574,X
Entertainment Network (India) Ltd.,532700,B
Envair Electrodyne Ltd.,500246,X
EP Biocomposites Ltd.,543595,M
EPACK Durables Ltd.,544095,T
EPIC Energy Ltd.,530407,XT
Epigral Ltd.,543332,B
EPL Ltd.,500135,A
EPSOM Properties Ltd.,531155,X
Epuja Spiritech Ltd.,532092,X
Equilateral Enterprises Ltd.,531262,XD
Equinox India Developments Ltd.,532832,A
Equippp Social Impact Technologies Ltd.,590057,T
Equitas Holdings Ltd.,539844,A
Equitas Small Finance Bank Ltd.,543243,A
Eraaya Lifespaces Ltd.,531035,XT
Eris Lifesciences Ltd.,540596,A
Eros International Media Ltd.,533261,Z
ERP Soft Systems Ltd.,530909,XT
Esaar (India) Ltd.,531502,X
Esab India Ltd.,500133,A
ESAF Small Finance Bank Ltd.,544020,B
Escorp Asset Management Ltd.,540455,MT
Escorts Kubota Ltd.,500495,A
Esha Media Research Ltd.,531259,XT
Eskay Kn'IT (India) Ltd.,514118,Z
Espire Hospitality Ltd.,532016,Z
Esquire Money Guarantees Ltd.,512439,ZY
Ess Dee Aluminium Ltd.,532787,Z
Essar Shipping Ltd.,533704,T
Esteem Bio Organic Food Processing Ltd.,534927,MT
Ester Industries Ltd.,500136,B
Ethos Ltd.,543532,A
ETT Ltd.,537707,X
Euphoria Infotech (India) Ltd.,544094,M
Eureka Forbes Ltd.,543482,A
Eureka Industries Ltd.,521137,XT
Euro Asia Exports Ltd.,530929,P
Euro Leder Fashions Ltd.,526468,X
Euro Multivision Ltd.,533109,Z
Eurotex Industries & Exports Ltd.,521014,T
Company,Code,Group
Evans Electric Ltd.,542668,M
Eveready Industries India Ltd.,531508,B
Everest Industries Ltd.,508906,B
Everest Kanto Cylinder Ltd.,532684,B
Everest Organics Ltd.,524790,X
Everlon Financials Ltd.,514358,XT
Evexia Lifecare Ltd.,524444,X
Evoq Remedies Ltd.,543500,M
Excel Castronics Ltd.,526735,Z
Excel Industries Ltd.,500650,B
Excel Realty N Infra Ltd.,533090,B
Exdon Trading Company Ltd.,512017,XC
Exhicon Events Media Solutions Ltd.,543895,M
Exicom Tele-Systems Ltd.,544133,B
Exide Industries Ltd.,500086,A
Expleo Solutions Ltd.,533121,B
Explicit Finance Ltd.,530571,X
Expo Gas Containers Ltd.,526614,XT
Exxaro Tiles Ltd.,543327,B
Eyantra Ventures Ltd.,512099,XT
F Mec International Financial Services Ltd.,539552,X
Faalcon Concepts Ltd.,544164,MT
Fabino Enterprises Ltd.,543444,M
Facor Alloys Ltd.,532656,X
Fairchem Organics Ltd.,543252,B
Family Care Hospitals Ltd.,516110,X
Farmax India Ltd.,590094,T
FAZE THREE Autofab Ltd.,532459,XT
Faze Three Ltd.,530079,B
FCS Software Solutions Ltd.,532666,B
FDC Ltd.,531599,A
Fedbank Financial Services Ltd.,544027,B
Fedders Electric and Engineering Ltd.,500139,Z
Fedders Holding Ltd.,511628,X
Federal Bank Ltd.,500469,A
Federal-Mogul Goetze (India) Ltd.,505744,B
Fenoplast Ltd.,526689,Z
Fermenta Biotech Ltd.,506414,XT
Ferro Alloys Corporation Ltd.,500141,X
Fervent Synergies Ltd.,533896,X
FGP Ltd.,500142,XT
Fiberweb (India) Ltd.,507910,T
FIEM Industries Ltd.,532768,B
Filaments India Ltd.,514472,XD
Filatex Fashions Ltd.,532022,T
Filatex India Ltd.,526227,B
Filmcity Media Ltd.,531486,XT
Filtra Consultants & Engineers Ltd.,539098,M
Filtron Engineers Ltd.,531191,Z
Fine Line Circuits Ltd.,517264,XT
Fine Organic Industries Ltd.,541557,A
Finelistings Technologies Ltd.,544173,M
Fineotex Chemical Ltd.,533333,A
Finkurve Financial Services Ltd.,508954,X
Fino Payments Bank Ltd.,543386,B
Finolex Cables Ltd.,500144,A
Finolex Industries Ltd.,500940,A
First Custodian Fund (India) Ltd.,511122,XT
First Financial Services Ltd.,511369,XC
First Fintec Ltd.,532379,XT
First Winner Industries Ltd.,532996,Z
Firstsource Solutions Ltd.,532809,A
Fischer Medical Ventures Ltd.,524743,T
Five Core Exim Ltd.,530885,Z
Five X Tradecom Ltd.,536751,Z
Five-Star Business Finance Ltd.,543663,A
Flair Writing Industries Ltd,544030,B
Flex Foods Ltd.,523672,X
Flexituff Ventures International Ltd.,533638,T
Flomic Global Logistics Ltd.,504380,X
Flora Textiles Ltd.,530705,XT
Fluidomat Ltd.,522017,X
Focus Business Solution Ltd.,543312,MT
Focus Industrial Resources Ltd.,534757,Z
Focus Suites Solutions & Services Ltd.,540945,M
Fomento Resorts & Hotels Ltd.,503831,X
Fone4 Communications (India) Ltd.,543521,M
Foods & Inns Ltd.,507552,B
Forbes & Company Ltd.,502865,X
Forbes Precision Tools and Machine Parts Ltd.,544186,B
Force Motors Ltd.,500033,A
Fortis Healthcare Ltd.,532843,A
Fortis Malar Hospitals Ltd.,523696,X
Fortune International Ltd.,530213,XT
Foseco India Ltd.,500150,B
Foundry Fuel Products Ltd.,513579,Z
Fourth Generation Information Systems Ltd.,532403,XT
Franklin Industries Ltd.,540190,XT
Franklin Leasing & Finance Ltd.,539839,MT
Fraser & Company Ltd.,539032,X
Fratelli Vineyards Ltd.,541741,XT
Fredun Pharmaceuticals Ltd.,539730,X
Freshtrop Fruits Ltd.,530077,X
Frontier Capital Ltd.,508980,Z
Frontier Springs Ltd.,522195,XT
Frontline Corporation Ltd.,532042,XT
Frontline Securities Ltd.,533213,X
Fruition Venture Ltd.,538568,X
FSN E-Commerce Ventures Ltd.,543384,A
Fundviser Capital (India) Ltd. 530197 XCompany,Code,Group
Funny Software Ltd.,539169,Z
Fusion Finance Ltd.,543652,A
Futura Polyesters Ltd.,500720,XT
Future Consumer Ltd.,533400,T
Future Enterprises Ltd.,523574,Z
Future Lifestyle Fashions Ltd.,536507,Z
Future Market Networks Ltd.,533296,T
Future Retail Ltd.,540064,Z
Future Supply Chain Solutions Ltd.,540798,Z
Futuristic Securities Ltd.,523113,X
Futuristic Solutions Ltd.,534063,X
G G Automotive Gears Ltd.,531399,X
G G Dandekar Properties Ltd.,505250,X
G G Engineering Ltd.,540614,B
G M Breweries Ltd.,507488,B
G M Polyplast Ltd.,543239,M
G R Cables Ltd.,517564,XT
G R Infraprojects Ltd.,543317,A
G S Auto International Ltd.,513059,X
G V Films Ltd.,523277,X
G-Tech Info-Training Ltd.,532139,XT
Gabriel India Ltd.,505714,A
Gabriel Pet Straps Ltd.,544108,M
GACM Technologies Ltd.,531723,T
Gaekwar Mills Ltd.,502850,X
Gagan Gases Ltd.,524624,X
Gagan Polycot India Ltd.,531196,Z
GAIL (India) Ltd.,532155,A
Gajanan Securities Services Ltd.,538609,XT
Gajra Bevel Gears Ltd.,505711,XT
Gala Global Products Ltd.,539228,X
Gala Precision Engineering Ltd.,544244,B
Galactico Corporate Services Ltd.,542802,B
Galada Finance Ltd.,538881,X
Galada Power & Telecommunications Ltd.,504697,Z
Galaxy Agrico Exports Ltd.,531911,XT
Galaxy Bearings Ltd.,526073,X
Galaxy Cloud Kitchens Ltd.,506186,XT
Galaxy Surfactants Ltd.,540935,A
Gallantt Ispat Ltd.,532726,T
Gallantt Ispat Ltd.(old),533265,B
Gallops Enterprise Ltd.,531902,X
Gamma Infoway Exalt Ltd.,517391,XD
Gammon India Ltd.,509550,Z
Gandhar Oil Refinery (India) Ltd.,544029,B
Gandhi Special Tubes Ltd.,513108,B
Ganesh Benzoplast Ltd.,500153,B
Ganesh Holding Ltd.,504397,X
Ganesh Housing Corporation Ltd.,526367,B
Ganesha Ecosphere Ltd.,514167,B
Ganesha Ecoverse Ltd.,539041,M
Ganga Papers India Ltd.,531813,X
Ganga Pharmaceuticals Ltd.,539680,M
Ganges Securities Ltd.,540647,B
Gangotri Iron & Steel Company Ltd.,530945,Z
Gangotri Textile Ltd.,521176,Z
Ganon Products Ltd.,512443,X
Garbi Finvest Ltd.,539492,X
Garden Reach Shipbuilders & Engineers Ltd.,542011,A
Garg Furnace Ltd.,530615,X
Garlon Polyfab Industries Ltd.,514306,P
Garment Mantra Lifestyle Ltd.,539216,B
Garnet Construction Ltd.,526727,XT
Garnet International Ltd.,512493,XT
Garodia Chemicals Ltd.,530161,P
Garuda Construction and Engineering Ltd.,544271,B
Garware Hi-Tech Films Ltd.,500655,B
Garware Marine Industries Ltd.,509563,XT
Garware Synthetics Ltd.,514400,XT
Garware Technical Fibres Ltd.,509557,A
Gateway Distriparks Ltd.,543489,A
Gautam Exim Ltd.,540613,MT
Gautam Gems Ltd.,540936,B
Gayatri BioOrganics Ltd.,524564,X
Gayatri Highways Ltd.,541546,T
Gayatri Projects Ltd.,532767,Z
Gayatri Sugars Ltd.,532183,X
GB Global Ltd.,533204,T
GBL Industries Ltd.,539009,Z
GCM Capital Advisors Ltd.,538319,MT
GCM Commodity & Derivatives Ltd.,535917,M
GCM Securities Ltd.,535431,B
Gconnect Logitech and Supply Chain Ltd.,544156,M
GDL Leasing & Finance Ltd.,530855,XT
GE Power India Ltd.,532309,B
GE Vernova T&D India Ltd.,522275,T
GEE Ltd.,504028,Z
GeeCee Ventures Ltd.,532764,B
Geefcee Finance Ltd.,530389,Z
Geetanjali Credit and Capital Ltd.,539486,XT
GEM Enviro Management Ltd.,544199,M
Gem Spinners India Ltd.,521133,P
Gemstone Investments Ltd.,531137,XT
Genera Agri Corp Ltd.,541999,Z
General Insurance Corporation of India,540755,A
Generic Engineering Construction and Projects Ltd.,539407,B
Genesis IBRC India Ltd.,514336,XT
Genesys International Corporation Ltd.,506109,B
Gennex Laboratories Ltd.,531739,XT
Genomic Valley Biotech Ltd.,539206,XT
Company,Code,Group
Genpharmasec Ltd.,531592,X
Gensol Engineering Ltd.,542851,A
Genus Commu-Trade Ltd.,531939,XT
Genus Paper & Boards Ltd.,538961,B
Genus Power Infrastructures Ltd.,530343,A
Genus Prime Infra Ltd.,532425,XT
Geojit Financial Services Ltd.,532285,B
Getalong Enterprises Ltd.,543372,MT
GFL Ltd.,500173,T
GHCL Ltd.,500171,A
GHCL Textiles Ltd.,543918,B
Ghushine Fintrrade Ocean Ltd.,539864,M
Gian Life Care Ltd.,542918,B
GIC Housing Finance Ltd.,511676,B
Gilada Finance & Investments Ltd.,538788,X
Gillanders Arbuthnot & Company Ltd.,532716,B
Gillette India Ltd.,507815,A
Gini Silk Mills Ltd.,531744,X
Ginni Filaments Ltd.,590025,B
Girnar Spintex Industries Ltd.,521076,T
Gita Renewable Energy Ltd.,539013,X
Gitanjali Gems Ltd.,532715,Z
GK Consultants Ltd.,531758,XT
GKB Ophthalmics Ltd.,533212,X
GKP Printing & Packaging Ltd.,542666,B
GKW Ltd.,504704,B
Glance Finance Ltd.,531199,X
Gland Pharma Ltd.,543245,A
GlaxoSmithKline Pharmaceuticals Ltd.,500660,A
Gleam Fabmat Ltd.,542477,MT
Glenmark Life Sciences Ltd.,543322,A
Glenmark Pharmaceuticals Ltd.,532296,A
Glittek Granites Ltd.,513528,X
Global Capital Markets Ltd.,530263,X
Global Health Ltd.,543654,A
Global Infratech & Finance Ltd.,531463,Z
Global Land Masters Corporation Ltd.,531479,Z
Global Longlife Hospital and Research Ltd.,543520,M
Global Offshore Services Ltd.,501848,XT
Global Surfaces Ltd.,543829,B
Global Vectra Helicorp Ltd.,532773,T
Globale Tessile Ltd.,544234,T
GlobalSpace Technologies Ltd.,540654,B
Globe Multi Ventures Ltd.,540266,Z
Globus Corporation Ltd.,531904,Z
Globus Power Generation Ltd.,526025,XT
Globus Spirits Ltd.,533104,A
Glory Films Ltd.,532857,XT
Gloster Ltd.,542351,B
GMM Pfaudler Ltd.,505255,A
GMR Airports Infrastructure Ltd.,532754,A
GMR Power and Urban Infra Ltd.,543490,A
GNA Axles Ltd.,540124,B
Go Digit General Insurance Ltd.,544179,B
Go Fashion (India) Ltd.,543401,A
Goa Carbon Ltd.,509567,B
Goblin India Ltd.,542850,M
GOCL Corporation Ltd.,506480,B
Godavari Biorefineries Ltd.,544279,B
Godavari Drugs Ltd.,530317,X
Godawari Power & Ispat Ltd.,532734,A
Godfrey Phillips India Ltd.,500163,A
Godrej Agrovet Ltd.,540743,A
Godrej Consumer Products Ltd.,532424,A
Godrej Industries Ltd.,500164,A
Godrej Properties Ltd.,533150,A
Goel Food Products Ltd.,543538,MT
Goenka Business & Finance Ltd.,538787,X
Goenka Diamond & Jewels Ltd.,533189,Z
Gogia Capital Services Ltd.,531600,X
Gokak Textiles Ltd.,532957,X
Gokaldas Exports Ltd.,532630,A
Gokul Agro Resources Ltd.,539725,B
Gokul Refoils & Solvent Ltd.,532980,B
Gokul Solutions Ltd.,780012,IP
Gold Rock Investments Ltd.,501111,XT
Goldcoin Health Foods Ltd.,538542,XT
Goldcrest Corporation Ltd.,505576,X
Golden Carpets Ltd.,531928,XT
Golden Crest Education & Services Ltd.,540062,XT
Golden Legand Leasing & Finance Ltd.,509024,XT
Golden Tobacco Ltd.,500151,Z
Goldiam International Ltd.,526729,B
Goldline International Finvest Ltd.,538180,Z
Golechha Global Finance Ltd.,531360,X
Golkonda Aluminium Extrusions Ltd.,513309,X
Golkunda Diamonds & Jewellery Ltd.,523676,XT
Gontermann Peipers (India) Ltd.,504701,Z
Goodluck India Ltd.,530655,B
Goodricke Group Ltd.,500166,X
Goodyear India Ltd.,500168,B
Gopal Iron & Steels Co (Gujarat) Ltd.,531913,X
Gopal Snacks Ltd.,544140,B
Gorani Industries Ltd.,531608,X
Gothi Plascon (India) Ltd.,531111,P
Gourmet Gateway India Ltd.,506134,XT
Gowra Leasing & Finance Ltd.,530709,XT
Goyal Aluminiums Ltd.,541152,B
Goyal Associates Ltd.,530663,X
GP Petroleums Ltd. 532543 BCompany,Code,Group
GPT Healthcare Ltd.,544131,B
GPT Infraprojects Ltd.,533761,B
Gracious Software Ltd.,780002,IP
Gradiente Infotainment Ltd.,590126,XT
Grand Foundry Ltd.,513343,T
Grandma Trading & Agencies Ltd.,504369,XT
Granules India Ltd.,532482,A
Graphite India Ltd.,509488,A
Grasim Industries Ltd.,500300,A
Gratex Industries Ltd.,526751,X
Grauer & Weil (India) Ltd.,505710,B
Graviss Hospitality Ltd.,509546,X
Gravita India Ltd.,533282,A
Gravity (India) Ltd.,532015,X
Great Eastern Shipping Company Ltd.,500620,A
Greaves Cotton Ltd.,501455,A
Greencrest Financial Services Ltd.,531737,X
Greenearth Resources and Projects Ltd.,533016,XT
Greenhitech Ventures Ltd.,544163,M
Greenlam Industries Ltd.,538979,A
Greenpanel Industries Ltd.,542857,A
Greenply Industries Ltd.,526797,B
Gretex Corporate Services Ltd.,543324,M
Grindwell Norton Ltd.,506076,A
GRM Overseas Ltd.,531449,B
Groarc Industries India Ltd.,532315,X
Grovy India Ltd.,539522,XT
Growington Ventures India Ltd.,539222,T
GRP Ltd.,509152,B
GSB Finance Ltd.,511543,X
GSL Nova Petrochemicals Ltd.,530605,Z
GSL Securities Ltd.,530469,X
GSS Infotech Ltd.,532951,B
GTL Infrastructure Ltd.,532775,A
GTL Ltd.,500160,B
GTN Industries Ltd.,500170,X
GTN Textiles Ltd.,532744,X
GTPL Hathway Ltd.,540602,B
GTV Engineering Ltd.,539479,X
Gufic BioSciences Ltd.,509079,B
Gujarat Alkalies & Chemicals Ltd.,530001,A
Gujarat Ambuja Exports Ltd.,524226,A
Gujarat Apollo Industries Ltd.,522217,T
Gujarat Carbon & Industries Ltd.,506457,XT
Gujarat Containers Ltd.,513507,P
Gujarat Cotex Ltd.,514386,XT
Gujarat Craft Industries Ltd.,526965,X
Gujarat Credit Corporation Ltd.,511441,XT
Gujarat Fluorochemicals Ltd.,542812,A
Gujarat Foils Ltd.,531410,XT
Gujarat Gas Ltd.,539336,A
Gujarat Hotels Ltd.,507960,X
Gujarat Hy-Spin Ltd.,540938,M
Gujarat Industries Power Company Ltd.,517300,B
Gujarat Inject (Kerala) Ltd.,524238,XT
Gujarat Intrux Ltd.,517372,XT
Gujarat Lease Financing Ltd.,500174,T
Gujarat Meditech Ltd.,524754,Z
Gujarat Metallic Coal & Coke Ltd.,531881,Z
Gujarat Mineral Development Corporation Ltd.,532181,A
Gujarat Narmada Valley Fertilizers & Chemicals Ltd.,500670,A
Gujarat Natural Resources Ltd.,513536,XT
Gujarat Petrosynthese Ltd.,506858,X
Gujarat Pipavav Port Ltd.,533248,A
Gujarat Poly Electronics Ltd.,517288,XT
Gujarat Raffia Industries Ltd.,523836,B
Gujarat Sidhee Cement Ltd.,518029,B
Gujarat State Fertilizer & Chemicals Ltd.,500690,A
Gujarat State Financial Corporation,532160,B
Gujarat State Petronet Ltd.,532702,A
Gujarat Terce Laboratories Ltd.,524314,XT
Gujarat Themis Biosyn Ltd.,506879,B
Gujarat Toolroom Ltd.,513337,XT
Gujchem Distillers India Ltd.,506640,XT
Gulf Oil Lubricants India Ltd.,538567,B
Gulshan Polyols Ltd.,532457,B
Gupta Synthetics Ltd.,514116,Z
GVK Power & Infrastructure Ltd.,532708,T
Gyan Developers & Builders Ltd.,530141,XT
H P Cotton Textiles Mills Ltd.,502873,X
H S India Ltd.,532145,X
Halder Venture Ltd.,539854,X
Haldyn Glass Ltd.,515147,X
Hampton Sky Realty Ltd.,526407,B
Hanman Fit Ltd.,538731,M
Happiest Minds Technologies Ltd.,543227,A
Happy Forgings Ltd.,544057,B
Hardcastle & Waud Manufacturing Company Ltd.,509597,X
Hardwyn India Ltd.,541276,B
Hari Govind International Ltd.,531971,P
Haria Apparels Ltd.,538081,X
Haria Exports Ltd.,512604,XT
Harig Crankshafts Ltd.,500178,B
Hariom Pipe Industries Ltd.,543517,B
Harish Textile Engineers Ltd.,542682,XT
Hariyana Ship-Breakers Ltd.,526931,XT
Hariyana Ventures Ltd.,506024,P
Harmony Capital Services Ltd.,530055,XT
Harrisons Malayalam Ltd.,500467,T
Harsha Engineers International Ltd.,543600,B
Company,Code,Group
Harshdeep Hortico Ltd.,544105,M
Harshil Agrotech Ltd.,505336,XT
Haryana Capfin Ltd.,532855,XT
Haryana Financial Corporation,530927,ZP
Haryana Leather Chemicals Ltd.,524080,X
Has Lifestyle Ltd.,780014,IP
Hasti Finance Ltd.,531387,X
Hathway Bhawani Cabletel & Datacom Ltd.,509073,X
Hathway Cable & Datacom Ltd.,533162,A
Hatsun Agro Products Ltd.,531531,A
Havells India Ltd.,517354,A
Hawa Engineers Ltd.,539176,XT
Hawkins Cookers Ltd.,508486,B
Hazoor Multi Projects Ltd.,532467,XT
HB Estate Developers Ltd.,532334,X
HB Leasing & Finance Co Ltd.,508956,X
HB Portfolio Ltd.,532333,XT
HB Stockholdings Ltd.,532216,T
HBL Power Systems Ltd.,517271,A
HCKK Ventures Ltd.,539224,XT
HCL Infosystems Ltd.,500179,T
HCL Technologies Ltd.,532281,A
HCP Plastene Bulkpack Ltd.,526717,X
HDFC Asset Management Company Ltd.,541729,A
HDFC Bank Ltd.,500180,A
HDFC Life Insurance Company Ltd.,540777,A
Heads UP Ventures Ltd.,540210,B
Healthcare Global Enterprises Ltd.,539787,B
Healthy Investments Ltd.,503689,XT
Healthy Life Agritec Ltd.,543546,MT
Heera Ispat Ltd.,526967,Z
HEG Ltd.,509631,A
Heidelberg Cement India Ltd.,500292,B
Helpage Finlease Ltd.,539174,XT
Hem Holdings & Trading Ltd.,505520,XT
Hemadri Cements Ltd.,502133,X
Hemang Resources Ltd.,531178,X
Hemant Surgical Industries Ltd.,543916,M
Hemisphere Properties India Ltd.,543242,A
Hemo Organic Ltd.,524590,X
Heranba Industries Ltd.,543266,B
Hercules Hoists Ltd.,505720,B
Heritage Foods Ltd.,519552,A
Hero MotoCorp Ltd.,500182,A
Hester Biosciences Ltd.,524669,B
Heubach Colorants India Ltd.,506390,B
Hexa Tradex Ltd.,534328,T
HFCL Ltd.,500183,A
HG Industries Ltd.,513723,X
HG Infra Engineering Ltd.,541019,A
Hi-Klass Trading & Investment Ltd.,542332,XT
Hi-Tech Pipes Ltd.,543411,B
Hi-Tech Winding Systems Ltd.,541627,Z
High Energy Batteries (India) Ltd.,504176,X
High Ground Enterprise Ltd.,517080,Z
High Street Filatex Ltd.,531301,XT
Hikal Ltd.,524735,B
HIL Ltd.,509675,B
Hiliks Technologies Ltd.,539697,XT
Hilton Metal Forging Ltd.,532847,B
HIM Teknoforge Ltd.,505712,XT
Himadri Speciality Chemical Ltd.,500184,A
Himalaya Food International Ltd.,526899,X
Himatsingka Seide Ltd.,514043,B
Hind Aluminium Industries Ltd.,531979,X
Hind Commerce Ltd.,538652,X
Hind Rectifiers Ltd.,504036,B
Hind Securities & Credits Ltd.,539114,XT
Hind Syntex Ltd.,503881,Z
Hindalco Industries Ltd.,500440,A
Hindoostan Mills Ltd.,509895,X
Hindprakash Industries Ltd.,543645,B
Hinduja Global Solutions Ltd.,532859,B
Hindustan Adhesives Ltd.,514428,X
Hindustan Aeronautics Ltd.,541154,A
Hindustan Agrigenetics Ltd.,519574,XT
Hindustan Appliances Ltd.,531918,XT
Hindustan Bio Sciences Ltd.,532041,X
Hindustan Composites Ltd.,509635,B
Hindustan Construction Company Ltd.,500185,A
Hindustan Copper Ltd.,513599,A
Hindustan Flurocarbons Ltd.,524013,B
Hindustan Foods Ltd.,519126,B
Hindustan Hardy Ltd.,505893,X
Hindustan Housing Company Ltd.,509650,XT
Hindustan Media Ventures Ltd.,533217,B
Hindustan Motors Ltd.,500500,T
Hindustan Oil Exploration Company Ltd.,500186,A
Hindustan Organic Chemicals Ltd.,500449,B
Hindustan Petroleum Corporation Ltd.,500104,A
Hindustan Tin Works Ltd.,530315,X
Hindustan Unilever Ltd.,500696,A
Hindustan Wires Ltd.,504713,XT
Hindustan Zinc Ltd.,500188,A
Hindusthan National Glass & Industries Ltd.,515145,T
Hindusthan Udyog Ltd.,513039,XT
Hindusthan Urban Infrastructure Ltd.,539984,X
Hindware Home Innovation Ltd.,542905,B
Hipolin Ltd.,530853,X
Hira Automobiles Ltd. 531743 PCompany,Code,Group
Hisar Metal Industries Ltd.,590018,B
Hisar Spinning Mills Ltd.,521068,P
Hit Kit Global Solutions Ltd.,532359,XT
Hitachi Energy India Ltd.,543187,A
Hitech Corporation Ltd.,526217,B
Hittco Tools Ltd.,531661,X
HLE Glascoat Ltd.,522215,A
HLV Ltd.,500193,B
HMA Agro Industries Ltd.,543929,B
HMT Ltd.,500191,Z
Home First Finance Company India Ltd.,543259,A
Honasa Consumer Ltd.,544014,B
Honda India Power Products Ltd.,522064,B
Honeywell Automation India Ltd.,517174,A
Housing and Urban Development Corporation Ltd.,540530,A
Housing Development & Infrastructure Ltd.,532873,Z
Housing Development Finance Corporation Ltd.,500010,A
HOV Services Ltd.,532761,T
Howard Hotels Ltd.,526761,X
HP Adhesives Ltd.,543433,B
HPC Biosciences Ltd.,535217,MT
HPL Electric & Power Ltd.,540136,B
HRB Floriculture Ltd.,531724,XT
HT Media Ltd.,532662,B
Hubtown Ltd.,532799,T
Huhtamaki India Ltd.,509820,B
Humming Bird Education Ltd.,542592,MT
Hybrid Financial Services Ltd.,500262,T
Hypersoft Technologies Ltd.,539724,XT
Hytone Texstyles Ltd.,514258,XT
Hyundai Motor India Ltd.,544274,A
I G Petrochemicals Ltd.,500199,B
I P Rings Ltd.,523638,X
i Power Solutions India Ltd.,512405,XT
IB Infotech Enterprises Ltd.,519463,XT
ICDS Ltd.,511194,B
ICICI Bank Ltd.,532174,A
ICICI Lombard General Insurance Company Ltd.,540716,A
ICICI Premium Mutual Fund Scheme,511443,N.A.
ICICI Prudential Life Insurance Company Ltd.,540133,A
ICICI Securities Ltd.,541179,A
ICL Organic Dairy Products Ltd.,542935,MT
ICRA Ltd.,532835,B
ICSA-India Ltd.,531524,Z
ID Info Business Services Ltd.,511260,XT
IDBI Bank Ltd.,500116,A
ideaForge Technology Ltd.,543932,A
IDFC First Bank Ltd.,539437,A
IDFC Ltd.,532659,A
IDream Film Infrastructure Company Ltd.,504375,P
IEC Education Ltd.,531840,XT
IEL Ltd.,524614,X
IFB Agro Industries Ltd.,507438,B
IFB Industries Ltd.,505726,B
IFCI Ltd.,500106,A
IFGL Refractories Ltd.,540774,B
IFL Enterprises Ltd.,540377,T
IFL Promoters Ltd.,511682,Z
Igarashi Motors India Ltd.,517380,B
IGC Industries Ltd.,539449,X
IIFL Finance Ltd.,532636,A
IIFL Securities Ltd.,542773,B
IIRM Holdings India Ltd.,526530,XT
IITL Projects Ltd.,531968,X
IKF Technologies Ltd.,532414,XT
IKIO Lighting Ltd.,543923,B
IL&FS Engineering & Construction Company Ltd.,532907,Z
IL&FS Investment Managers Ltd.,511208,T
IL&FS Transportation Networks Ltd.,533177,Z
Imagicaaworld Entertainment Ltd.,539056,B
IMC Finance Ltd.,505539,P
IMEC Services Ltd.,513295,XT
IMP Powers Ltd.,517571,Z
Impex Ferro Tech Ltd.,532614,Z
Inani Marbles & Industries Ltd.,531129,X
Inani Securities Ltd.,531672,XT
Incap Ltd.,517370,XT
Inceptum Enterprises Ltd.,538541,Z
Incon Engineers Ltd.,531594,X
Incredible Industries Ltd.,538365,T
Ind Bank Housing Ltd.,523465,B
Ind Renewable Energy Ltd.,536709,X
Ind-Agiv Commerce Ltd.,517077,Z
Ind-Swift Ltd.,524652,B
Indag Rubber Ltd.,509162,XT
Indbank Merchant Banking Services Ltd.,511473,B
Indegene Ltd.,544172,B
Indergiri Finance Ltd.,531505,X
India Cements Capital Ltd.,511355,XT
India Cements Ltd.,530005,A
India Finsec Ltd.,535667,X
India Gelatine & Chemicals Ltd.,531253,X
India Glycols Ltd.,500201,B
India Green Reality Ltd.,540152,MT
India Home Loan Ltd.,530979,X
India Infraspace Ltd.,531343,Z
India Infrastructure Trust,542543,IF
India Lease Development Ltd.,500202,X
India Motor Parts & Accessories Ltd.,590065,B
India Nippon Electricals Ltd.,532240,B
Company,Code,Group
India Pesticides Ltd.,543311,A
India Radiators Ltd.,505100,X
India Shelter Finance Corporation Ltd.,544044,B
India Steel Works Ltd.,513361,XT
India Tourism Development Corporation Ltd.,532189,B
Indiabulls Enterprises Ltd.,543715,B
IndiaMART InterMESH Ltd.,542726,A
Indian Acrylics Ltd.,514165,X
Indian Bank,532814,A
Indian Energy Exchange Ltd.,540750,A
Indian Hotels Company Ltd.,500850,A
Indian Hume Pipe Company Ltd.,504741,B
Indian Infotech & Software Ltd.,509051,X
Indian Link Chain Manufacturer Ltd.,504746,XT
Indian Metals & Ferro Alloys Ltd.,533047,B
Indian Oil Corporation Ltd.,530965,A
Indian Overseas Bank,532388,A
Indian Railway Catering & Tourism Corporation Ltd.,542830,A
Indian Railway Finance Corporation Ltd.,543257,A
Indian Renewable Energy Development Agency Ltd.,544026,B
Indian Sucrose Ltd.,500319,X
Indian Terrain Fashions Ltd.,533329,B
Indian Toners & Developers Ltd.,523586,X
IndiaNivesh Ltd.,501700,X
Indigo Paints Ltd.,543258,A
Inditalia Refcon Ltd.,517526,B
Inditrade Capital Ltd.,532745,XT
Indo Amines Ltd.,524648,B
Indo Borax & Chemicals Ltd.,524342,B
Indo Cotspin Ltd.,538838,XT
Indo Count Industries Ltd.,521016,A
Indo Credit Capital Ltd.,526887,XT
Indo Euro Indchem Ltd.,524458,X
Indo Gulf Industries Ltd.,506945,P
Indo National Ltd.,504058,B
Indo Pacific Projects Ltd.,531565,Z
Indo Rama Synthetics (India) Ltd.,500207,B
Indo Tech Transformers Ltd.,532717,T
Indo Thai Securities Ltd.,533676,T
Indo US Bio-Tech Ltd.,541304,B
Indo-City Infotech Ltd.,532100,XT
Indo-Global Enterprises Ltd.,539433,Z
Indoco Remedies Ltd.,532612,B
Indokem Ltd.,504092,X
Indong Tea Company Ltd.,543769,M
Indosolar Ltd.,533257,Z
Indostar Capital Finance Ltd.,541336,B
Indowind Energy Ltd.,532894,B
Indoworth Holdings Ltd.,512408,XT
Indra Industries Ltd.,539175,XT
Indraprastha Gas Ltd.,532514,A
Indraprastha Medical Corporation Ltd.,532150,B
Indrayani Biotech Ltd.,526445,X
Indsil Hydro Power and Manganese Ltd.,522165,X
Indtradeco Ltd.,504336,XD
Inducto Steel Ltd.,532001,XT
Indus Fila Ltd.,532821,Z
Indus Finance Ltd.,531841,X
Indus Towers Ltd.,534816,A
IndusInd Bank Ltd.,532187,A
Industrial & Prudential Investment Company Ltd.,501298,X
Industrial Investment Trust Ltd.,501295,T
Inertia Steel Ltd.,512025,XT
Infibeam Avenues Ltd.,539807,A
Inflame Appliances Ltd.,541083,M
Info Edge (India) Ltd.,532777,A
Info-Drive Software Ltd.,530703,XT
Infomedia Press Ltd.,509069,T
Informed Technologies India Ltd.,504810,X
Infosys Ltd.,500209,A
Infra Industries Ltd.,530777,Z
Infraquest International Ltd.,531793,XD
Infronics Systems Ltd.,537985,X
Ingersoll-Rand (India) Ltd.,500210,A
Inland Printers Ltd.,530787,XT
Innocorp Ltd.,531929,XT
Innokaiz India Ltd.,543905,M
Innova Captab Ltd.,544067,B
Innovassynth Investments Ltd.,533315,XT
Innovation Software Exports Ltd.,517433,Z
Innovative Ideals and Services (India) Ltd.,541983,M
Innovative Tech Pack Ltd.,523840,X
Innovators Facade Systems Ltd.,541353,M
Innovatus Entertainment Networks Ltd.,543951,MT
Inox Green Energy Services Ltd.,543667,A
Inox India Ltd.,544046,B
Inox Leisure Ltd.,532706,A
Inox Wind Energy Ltd.,543297,T
Inox Wind Ltd.,539083,A
Insecticides (India) Ltd.,532851,B
Insilco Ltd.,500211,X
Insolation Energy Ltd,543620,M
Inspirisys Solutions Ltd.,532774,T
Insta Finance Ltd.,511433,XT
Intec Capital Ltd.,526871,X
Integra Capital Ltd.,531314,X
Integra Engineering India Ltd.,505358,X
Integra Essentia Ltd.,535958,T
Integra Switchgear Ltd.,517423,XT
Integra Telecommunication & Software Ltd. 536868 ZCompany,Code,Group
Integrated Capital Services Ltd.,539149,X
Integrated Financial Services Ltd.,500212,XT
Integrated Hitech Ltd.,532303,X
Integrated Industries Ltd.,531889,X
Integrated Proteins Ltd.,519606,XT
Integrated Thermoplastic Ltd.,530921,ZP
Intellect Design Arena Ltd.,538835,A
Intense Technologies Ltd.,532326,T
Inter Globe Finance Ltd.,511391,XT
Inter State Oil Carrier Ltd.,530259,X
Interactive Financial Services Ltd.,539692,XT
Interarch Building Products Ltd.,544232,B
Interface Financial Services Ltd.,530519,XD
InterGlobe Aviation Ltd.,539448,A
Interlink Petroleum Ltd.,526512,Z
International Combustion (India) Ltd.,505737,X
International Conveyors Ltd.,509709,B
International Data Management Ltd.,517044,XT
International Housing Finance Corporation Ltd.,530781,ZP
International Travel House Ltd.,500213,X
Interworld Digital Ltd.,532072,XT
Intrasoft Technologies Ltd.,533181,T
Inventure Growth & Securities Ltd.,533506,B
Investment & Precision Castings Ltd.,504786,XT
Invigorated Business Consulting Ltd.,511716,XT
IOL Chemicals and Pharmaceuticals Ltd.,524164,A
Ion Exchange (India) Ltd.,500214,A
Ipca Laboratories Ltd.,524494,A
IRB Infrastructure Developers Ltd.,532947,A
IRIS Business Services Ltd.,540735,T
IRM Energy Ltd.,544004,B
Ironwood Education Ltd.,508918,XT
ISF Ltd.,526859,X
ISGEC Heavy Engineering Ltd.,533033,A
Ishaan Infrastructures & Shelters Ltd.,540134,X
Ishan Dyes & Chemicals Ltd.,531109,X
Ishita Drugs & Industries Ltd.,524400,X
Ishwarshakti Holdings & Traders Ltd.,506161,XT
ISL Consulting Ltd.,511609,X
ISMT Ltd.,532479,B
IST Ltd.,508807,B
iStreet Network Ltd.,524622,XT
ITC Ltd.,500875,A
ITCONS E-Solutions Ltd.,543806,MT
ITD Cementation India Ltd.,509496,A
ITI Ltd.,523610,A
ITL Industries Ltd.,522183,X
IVP Ltd.,507580,B
IVRCL Ltd.,530773,B
Iykot Hitech Toolroom Ltd.,522245,XT
IZMO Ltd.,532341,T
J A Finance Ltd.,543860,XT
J B Chemicals & Pharmaceuticals Ltd.,506943,A
J G Chemicals Ltd.,544138,B
J Kumar Infraprojects Ltd.,532940,A
J L Morison (India) Ltd.,506522,X
J. Taparia Projects Ltd.,538539,X
Jackson Investments Ltd.,538422,X
Jagan Lamps Ltd.,530711,X
Jagatjit Industries Ltd.,507155,X
Jagjanani Textiles Ltd.,532825,X
Jagran Prakashan Ltd.,532705,B
Jagson Airlines Ltd.,520139,Z
Jagsonpal Finance & Leasing Ltd.,530601,XT
Jagsonpal Pharmaceuticals Ltd.,507789,B
Jai Balaji Industries Ltd.,532976,B
Jai Corp Ltd.,512237,A
Jai Mata Glass Ltd.,523467,XT
Jaihind Synthetics Ltd.,514312,XT
Jain Irrigation Systems Ltd.,500219,A
Jain Marmo Industries Ltd.,539119,X
Jain Studios Ltd.,532033,Z
Jainco Projects (India) Ltd.,526865,X
Jainex Aamcol Ltd.,505212,X
Jaipan Industries Ltd.,505840,X
Jaiprakash Associates Ltd.,532532,T
Jaiprakash Power Ventures Ltd.,532627,A
Jaisukh Dealers Ltd.,780001,IP
James Hotels Ltd.,526558,Z
James Warren Tea Ltd.,538564,X
Jammu & Kashmir Bank Ltd.,532209,A
Jamna Auto Industries Ltd.,520051,A
Jamshri Realty Ltd.,502901,XT
Jana Small Finance Bank Ltd.,544118,B
Janus Corporation Ltd.,542924,M
Jasch Gauging Technologies Ltd.,544112,X
Jasch Industries Ltd.,500220,X
Jash Dealmark Ltd.,540394,MT
Jatalia Global Ventures Ltd.,519319,Z
Jattashankar Industries Ltd.,514318,P
Jauss Polymers Ltd.,526001,XT
Jay Bharat Maruti Ltd.,520066,B
Jay Energy and S. Energies Ltd.,526523,Z
Jay Kailash Namkeen Ltd.,544160,M
Jay Shree Tea & Industries Ltd.,509715,B
Jay Ushin Ltd.,513252,X
Jayabharat Credit Ltd.,501311,X
Jayant Agro Organics Ltd.,524330,B
Jayant Infratech Ltd.,543544,M
Jayaswal Neco Industries Ltd.,522285,B
Company,Code,Group
Jayatma Enterprises Ltd.,539005,X
Jayatma Industries Ltd.,531323,X
Jaybharat Textiles & Real Estate Ltd.,512233,Z
Jaykay Enterprises Ltd.,500306,X
Jaypee Infratech Ltd.,533207,T
Jayshree Chemicals Ltd.,506520,X
Jaysynth Dyestuff (India) Ltd.,506910,X
Jaysynth Orgochem Ltd.,524592,XT
JBF Industries Ltd.,514034,Z
JBM Auto Ltd.,532605,A
JCT Electronics Ltd.,500222,XT
JCT Ltd.,500223,Z
Jeet Machine Tools Ltd.,513012,Z
Jeevan Scientific Technology Ltd.,538837,X
Jenburkt Pharmaceuticals Ltd.,524731,X
Jet Airways (India) Ltd.,532617,Z
Jet Freight Logistics Ltd.,543420,T
Jet Infraventure Ltd.,538794,M
Jetking Infotrain Ltd.,517063,X
Jetmall Spices and Masala Ltd.,543286,M
Jhandewalas Foods Ltd.,540850,MT
Jhaveri Credits & Capital Ltd.,531550,XT
JHS Svendgaard Laboratories Ltd.,532771,B
JHS Svendgaard Retail Ventures Ltd.,544197,T
Jigar Cables Ltd.,540651,M
JIK Industries Ltd.,511618,Z
Jinaams Dress Ltd.,542653,MT
Jindal Capital Ltd.,530405,XT
Jindal Cotex Ltd.,533103,Z
Jindal Drilling & Industries Ltd.,511034,B
Jindal Hotels Ltd.,507981,X
Jindal Leasefin Ltd.,539947,XT
Jindal Photo Ltd.,532624,B
Jindal Poly Films Ltd.,500227,B
Jindal Poly Investment & Finance Company Ltd.,536773,B
Jindal Saw Ltd.,500378,A
Jindal Stainless (Hisar) Ltd.,539597,A
Jindal Stainless Ltd.,532508,A
Jindal Steel & Power Ltd.,532286,A
Jio Financial Services Ltd.,543940,A
JITF Infralogistics Ltd.,540311,B
Jiya Eco Products Ltd.,539225,Z
JJ Exporters Ltd.,530049,Z
JJ Finance Corporation Ltd.,523062,XT
JK Agri Genetics Ltd.,536493,X
JK Cement Ltd.,532644,A
JK Lakshmi Cement Ltd.,500380,A
JK Paper Ltd.,532162,A
JK Pharmachem Ltd.,500218,XD
JK Tyre & Industries Ltd.,530007,A
JLA Infraville Shoppers Ltd.,538765,M
JM Financial Ltd.,523405,A
JMC Projects (India) Ltd.,522263,B
JMD Ventures Ltd.,511092,X
JMG Corporation Ltd.,523712,P
JMJ Fintech Ltd.,538834,XT
JNK India Ltd.,544167,B
John Cockerill India Ltd.,500147,B
Johnson Controls-Hitachi Air Conditioning India Ltd.,523398,B
Johnson Pharmacare Ltd.,532154,X
Joindre Capital Services Ltd.,531861,X
Jointeca Education Solutions Ltd.,534659,MT
Jolly Plastic Industries Ltd.,507968,P
Jonjua Overseas Ltd.,542446,M
Jost's Engineering Company Ltd.,505750,X
JPT Securities Ltd.,530985,XT
JR Foods Ltd.,530915,XT
JRI Industries & Infrastructure Ltd.,506016,Z
JSL Industries Ltd.,504080,XT
JSW Energy Ltd.,533148,A
JSW Holdings Ltd.,532642,A
JSW Infrastructure Ltd.,543994,B
JSW Ispat Special Products Ltd.,513446,B
JSW Steel Ltd.,500228,A
JTEKT India Ltd.,520057,B
JTL Industries Ltd.,534600,A
Jubilant Foodworks Ltd.,533155,A
Jubilant Industries Ltd.,533320,B
Jubilant Ingrevia Ltd.,543271,A
Jubilant Pharmova Ltd.,530019,A
Julien Agro Infratech Ltd.,536073,X
Jumbo Bags Ltd.,516078,X
Jumbo Finance Ltd.,511060,XT
Juniper Hotels Ltd.,544129,B
Jupiter Industries and Leasing Ltd.,507987,P
Jupiter Infomedia Ltd.,534623,X
Jupiter Life Line Hospitals Ltd.,543980,B
Jupiter Wagons Ltd.,533272,A
Just Dial Ltd.,535648,A
Jyot International Marketing Ltd.,542544,XT
Jyothi Infraventures Ltd.,531537,XT
Jyothy Labs Ltd.,532926,A
Jyoti CNC Automation Ltd.,544081,B
Jyoti Ltd.,504076,X
Jyoti Resins & Adhesives Ltd.,514448,B
Jyoti Structures Ltd.,513250,B
Jyotirgamya Enterprises Ltd.,539246,XT
K G Denim Ltd.,500239,X
K K Fincorp Ltd.,503669,XT
K P Energy Ltd. 539686 BCompany,Code,Group
K Z Leasing & Finance Ltd.,511728,X
K&R Rail Engineering Ltd.,514360,B
K-Lifestyle & Industries Ltd.,514221,Z
Kaarya Facilities and Services Ltd.,540756,M
Kabra Commercial Ltd.,539393,XT
Kabra Drugs Ltd.,524322,XT
Kabra Extrusion Technik Ltd.,524109,B
Kabsons Industries Ltd.,524675,XT
Kachchh Minerals Ltd.,531778,X
Kahan Packaging Ltd.,543979,M
Kailash Auto Finance Ltd.,511357,XC
Kaira Can Company Ltd.,504840,X
Kairosoft AI Solutions Ltd.,506122,XT
Kaiser Corporation Ltd.,531780,X
Kaizen Agro Infrabuild Ltd.,538833,X
Kajaria Ceramics Ltd.,500233,A
Kaka Industries Ltd.,543939,M
Kakatiya Cement Sugar & Industries Ltd.,500234,B
Kakatiya Textiles Ltd.,521054,X
Kallam Textiles Ltd.,530201,X
Kalpa Commercial Ltd.,539014,Z
Kalpataru Projects International Ltd.,522287,A
Kalyan Capitals Ltd.,538778,X
Kalyan Jewellers India Ltd.,543278,A
Kalyani Cast-Tech Ltd.,544023,MT
Kalyani Forge Ltd.,513509,B
Kalyani Investment Company Ltd.,533302,T
Kalyani Steels Ltd.,500235,B
Kama Holdings Ltd.,532468,A
Kamadgiri Fashion Ltd.,514322,XT
Kamanwala Housing Construction Ltd.,511131,X
Kamat Hotels (India) Ltd.,526668,B
Kamdhenu Ispat Ltd.,532741,B
Kamdhenu Ventures Ltd.,543747,T
Kanak Krishi Implements Ltd.,780003,IP
Kanani Industries Ltd.,506184,B
Kanchi Karpooram Ltd.,538896,X
Kanco Tea & Industries Ltd.,541005,X
Kandagiri Spinning Mills Ltd.,521242,X
Kanel Industries Ltd.,500236,XT
Kanishk Steel Industries Ltd.,513456,XT
Kanoria Chemicals & Industries Ltd.,506525,B
Kanoria Energy & Infrastructure Ltd.,539620,XT
Kanpur Plastipack Ltd.,507779,B
Kansai Nerolac Paints Ltd.,500165,A
Kanungo Financiers Ltd.,540515,XT
Kapil Cotex Ltd.,512036,XT
Kapil Raj Finance Ltd.,539679,XT
Kappac Pharma Ltd.,506938,XC
Karma Energy Ltd.,533451,B
Karnataka Bank Ltd.,532652,A
Karnavati Finance Ltd.,538928,XT
Karnimata Cold Storage Ltd.,537784,M
Kartik Investments Trust Ltd.,501151,XT
Karur Vysya Bank Ltd.,590003,B
Kashipur Sugar Mills Ltd.,502512,B
Kashyap Tele-Medicines Ltd.,531960,XT
Katare Spinning Mills Ltd.,502933,X
Kaushalya Infrastructure Development Corpn.Ltd.,532925,B
Kaveri Seed Company Ltd.,532899,A
Kavveri Telecom Products Ltd.,590041,T
Kay Power And Paper Ltd.,530255,XT
Kaya Ltd.,539276,T
Kaycee Industries Ltd.,504084,XT
Kaynes Technology India Ltd.,543664,A
KBC Global Ltd.,541161,B
KBS India Ltd.,530357,X
KCCL Plastic Ltd.,526067,Z
KCL Infra Projects Ltd.,531784,X
KCP Ltd.,590066,B
KCP Sugar & Industries Corporation Ltd.,533192,T
KD Leisures Ltd.,540385,Z
KDDL Ltd.,532054,B
KEC International Ltd.,532714,A
Kedia Construction Company Ltd.,508993,XT
Keerthi Industries Ltd.,518011,X
KEI Industries Ltd.,517569,A
Kellton Tech Solutions Ltd.,519602,B
Keltech Energies Ltd.,506528,X
Kemistar Corporation Ltd.,531163,XT
Kemp & Company Ltd.,506530,X
Ken Financial Services Ltd.,530547,X
Kennametal India Ltd.,505890,B
Kenvi Jewels Ltd.,540953,B
Kerala Ayurveda Ltd.,530163,X
Kernex Microsystems (India) Ltd.,532686,B
Kesar Enterprises Ltd.,507180,X
Kesar India Ltd.,543542,MT
Kesar Petroproducts Ltd.,524174,X
Kesar Terminals & Infrastructure Ltd.,533289,X
Kesoram Industries Ltd.,502937,A
Kewal Kiran Clothing Ltd.,532732,B
Key Corp Ltd.,507948,XT
Keynote Financial Services Ltd.,512597,T
Keystone Realtors Ltd.,543669,B
KFIN Technologies Ltd.,543720,A
KG Petrochem Ltd.,531609,X
KGN Enterprises Ltd.,533790,Z
Khadim India Ltd.,540775,B
Khaitan (India) Ltd.,590068,T
Company,Code,Group
Khaitan Chemicals & Fertilizers Ltd.,507794,B
Khandelwal Extractions Ltd.,519064,X
Khandwala Securities Ltd.,531892,B
Khator Fibre & Fabrics Ltd.,521127,Z
Khazanchi Jewellers Ltd.,543953,M
Khemani Distributors & Marketing Ltd.,539788,MT
Khoday India Ltd.,507435,Z
Khoobsurat Ltd.,535730,XT
Khyati Global Ventures Ltd.,544270,M
Khyati Multimedia Entertainment Ltd.,531692,XT
KIC Metaliks Ltd.,513693,X
Kids Medical Systems Ltd.,540812,MT
Kiduja India Ltd.,507946,XT
KIFS Financial Services Ltd.,535566,X
Kilburn Chemicals Ltd.,524699,Z
Kilburn Engineering Ltd.,522101,B
Kilburn Office Automation Ltd.,523218,Z
Kilitch Drugs(I) Ltd.,524500,B
Kimia Biosciences Ltd.,530313,X
Kinetic Engineering Ltd.,500240,X
Kinetic Trust Ltd.,531274,XT
Kingfa Science & Technology (India) Ltd.,524019,B
Kings Infra Ventures Ltd.,530215,X
KIOCL Ltd.,540680,A
Kiran Print Pack Ltd.,531413,X
Kiran Syntex Ltd.,530443,X
Kiran Vyapar Ltd.,537750,X
Kiri Industries Ltd.,532967,B
Kirloskar Brothers Ltd.,500241,A
Kirloskar Electric Company Ltd.,533193,B
Kirloskar Ferrous Industries Ltd.,500245,A
Kirloskar Industries Ltd.,500243,B
Kirloskar Oil Engines Ltd.,533293,A
Kirloskar Pneumatic Company Ltd.,505283,A
Kisaan Parivar Industries Ltd.,519230,XT
Kisan Mouldings Ltd.,530145,X
Kitex Garments Ltd.,521248,B
Kizi Apparels Ltd.,544221,M
KJMC Corporate Advisors (India) Ltd.,532304,X
KJMC Financial Services Ltd.,530235,X
KK Shah Hospitals Ltd.,544013,M
Kkalpana lndustries (India) Ltd.,526409,XT
Kkalpana Plastick Ltd.,523652,XT
KLG Capital Services Ltd.,530771,XT
KM Sugar Mills Ltd.,532673,B
KMC Speciality Hospitals (India) Ltd.,524520,B
KMF Builders & Developers Ltd.,531578,XT
KMG Milk Food Ltd.,519415,P
KMS Medisurgi Ltd.,540468,MT
Knowledge Marine & Engineering Works Ltd.,543273,M
KNR Constructions Ltd.,532942,A
Kobo Biotech Ltd.,531541,Z
Koffee Break Pictures Ltd.,531602,Z
Kohinoor Foods Ltd.,512559,B
Kokuyo Camlin Ltd.,523207,B
Kolte-Patil Developers Ltd.,532924,B
Kome-on Communication Ltd.,539910,Z
Konark Synthetics Ltd.,514128,XT
Konndor Industries Ltd.,532397,X
Kopran Ltd.,524280,B
Kore Foods Ltd.,500458,XT
Kotak Mahindra Bank Ltd.,500247,A
Kothari Fermentation & Biochem Ltd.,507474,X
Kothari Industrial Corporation Ltd.,509732,XT
Kothari Petrochemicals Ltd.,532096,B
Kothari Products Ltd.,530299,T
Kothari Sugars & Chemicals Ltd.,507190,B
Kothari World Finance Ltd.,511138,XT
Kotia Enterprises Ltd.,539599,XT
Koura Fine Diamond Jewelry Ltd.,544139,M
Kovai Medical Center and Hospital Ltd.,523323,B
Kovalam Investment and Trading Co. Ltd.,505585,XT
Kovilpatti Lakshmi Roller Flour Mills Ltd.,507598,X
KP Green Engineering Ltd.,544150,M
KPI Green Energy Ltd.,542323,A
KPIT Technologies Ltd.,542651,A
KPR Mill Ltd.,532889,A
KPT Industries Ltd.,505299,XT
Kranti Industries Ltd.,542459,B
Kratos Energy & Infrastructure Ltd.,501261,XT
KRBL Ltd.,530813,A
Krebs Biochemicals & Industries Ltd.,524518,T
Kreon Finnancial Services Ltd.,530139,X
Kretto Syscon Ltd.,531328,XT
Kridhan Infra Ltd.,533482,B
Kriptol Industries Ltd.,526753,XD
Krishanveer Forge Ltd.,513369,X
Krishna Capital & Securities Ltd.,539384,X
Krishna Filament Industries Ltd.,500248,XT
Krishna Institute of Medical Sciences Ltd.,543308,A
Krishna Ventures Ltd.,504392,X
Kriti Industries (India) Ltd.,526423,T
Kriti Nutrients Ltd.,533210,T
KRN Heat Exchanger and Refrigeration Ltd.,544263,B
Kronox Lab Sciences Ltd.,544187,B
Kross Ltd.,544253,B
Krsnaa Diagnostics Ltd.,543328,B
Krypton Industries Ltd.,523550,X
Krystal Integrated Services Ltd.,544149,B
KSB Ltd. 500249 ACompany,Code,Group
KSE Ltd.,519421,X
Kshitij Investment Ltd.,503626,X
KSK Energy Ventures Ltd.,532997,Z
KSL and Industries Ltd.,530149,XT
Ksolves India Ltd.,543599,B
KSS Ltd.,532081,Z
Kuantum Papers Ltd.,532937,B
Kuber Udyog Ltd.,539408,XT
Kuberan Global Edu Solutions Ltd.,543289,TS
Kumaka Industries Ltd.,526923,Y
Kumar Wire Cloth Manufacturing Co Ltd.,513703,Z
Kumbhat Financial Services Ltd.,526869,XT
Kundan Minerals and Metals Ltd.,507528,Z
Kunststoffe Industries Ltd.,523594,X
Kusam Electrical Industries Ltd.,511048,XT
Kush Industries Ltd.,514240,XT
Kushal Ltd.,536170,Z
Kuwer Industries Ltd.,530421,XT
Kwality Credit & Leasing Ltd.,531206,Z
Kwality Pharmaceuticals Ltd.,539997,B
L&T Finance Ltd.,533519,A
L&T Technology Services Ltd.,540115,A
La Opala RG Ltd.,526947,A
La Tim Metal & Industries Ltd.,505693,X
Labelkraft Technologies Ltd.,543830,M
Lactose (India) Ltd.,524202,X
Ladam Affordable Housing Ltd.,540026,X
Ladderup Finance Ltd.,530577,XT
Laffans Petrochemicals Ltd.,524522,X
Lahoti Overseas Ltd.,531842,X
Lakhotia Polyesters (India) Ltd.,535387,XT
Lakshmi Automatic Loom Works Ltd.,505302,X
Lakshmi Electrical Control Systems Ltd.,504258,X
Lakshmi Mills Company Ltd.,502958,X
Lakshmi Precision Screws Ltd.,506079,Z
Lakshmi Vilas Bank Ltd.(Amalgmated),534690,A
Lambodhara Textiles Ltd.,590075,B
Lancer Container Lines Ltd.,539841,B
Lancor Holdings Ltd.,509048,B
Landmarc Leisure Corporation Ltd.,532275,X
Landmark Cars Ltd.,543714,A
Landmark Property Development Company Ltd.,533012,B
Larsen & Toubro Ltd.,500510,A
Lasa Supergenerics Ltd.,540702,T
Last Mile Enterprises Ltd.,526961,XT
Latent View Analytics Ltd.,543398,A
Laurus Labs Ltd.,540222,A
Laxmi Organic Industries Ltd.,543277,A
Laxmipati Engineering Works Ltd.,537669,MT
LCC Infotech Ltd.,532019,T
Le Lavoir Ltd.,539814,XT
LE Travenues Technology Ltd.,544192,B
Lead Financial Services Ltd.,531288,XT
Leading Leasing Finance and Investment Company Ltd.,540360,XT
Ledo Tea Company Ltd.,508306,X
Lee & Nee Softwares (Exports) Ltd.,517415,X
Leel Electricals Ltd.,517518,Z
Legacy Mercantile Ltd.,780021,IP
Lehar Footwears Ltd.,532829,X
Lemon Tree Hotels Ltd.,541233,A
Lerthai Finance Ltd.,502250,XT
Lesha Industries Ltd.,533602,XT
Lex Nimble Solutions Ltd.,541196,MT
Lexoraa Industries Ltd.,531944,XT
LG Balakrishnan & Bros Ltd.,500250,A
LGB Forge Ltd.,533007,X
Liberty Shoes Ltd.,526596,T
Libord Finance Ltd.,511593,XT
Libord Securities Ltd.,531027,X
LIC Housing Finance Ltd.,500253,A
Life Insurance Corporation of India,543526,A
Likhami Consulting Ltd.,539927,XT
Likhitha Infrastructure Ltd.,543240,B
Lime Chemicals Ltd.,507759,XT
Linaks Micro Electronics Ltd.,517463,XT
Linc Ltd.,531241,B
Lincoln Pharmaceuticals Ltd.,531633,B
Linde India Ltd.,523457,A
Link Pharma Chem Ltd.,524748,X
Linkhouse Industries Ltd.,512349,XT
Lippi Systems Ltd.,526604,X
LKP Finance Ltd.,507912,X
LKP Securities Ltd.,540192,X
Lloyds Engineering Works Ltd.,539992,A
Lloyds Enterprises Ltd.,512463,B
Lloyds Finance Ltd.,507870,XT
Lloyds Metals & Energy Ltd.,512455,A
LMW Ltd.,500252,A
Logica Infoway Ltd.,543746,M
Lohia Securities Ltd.,590082,X
Lokesh Machines Ltd.,532740,B
Longspur International Ventures Ltd.,504340,X
Longview Tea Company Ltd.,526568,X
Looks Health Services Ltd.,534422,X
Lords Chemicals Ltd.,530039,XD
Lords Chloro Alkali Ltd.,500284,B
Lords Ishwar Hotels Ltd.,530065,XT
Lorenzini Apparels Ltd.,540952,T
Lotus Chocolate Company Ltd.,523475,XT
Lotus Eye Hospital and Institute Ltd.,532998,T
Company,Code,Group
Lovable Lingerie Ltd.,533343,T
Loyal Equipments Ltd.,539227,X
Loyal Textiles Mills Ltd.,514036,B
LS Industries Ltd.,514446,XT
LT Foods Ltd.,532783,A
LTIMindtree Ltd.,540005,A
Lucent Industries Ltd.,539682,T
Ludlow Jute & Specialities Ltd.,526179,XT
Luharuka Media & Infra Ltd.,512048,XT
Lumax Auto Technologies Ltd.,532796,B
Lumax Industries Ltd.,517206,B
Lupin Ltd.,500257,A
Lux Industries Ltd.,539542,B
LWS Knitwear Ltd.,531402,X
Lyka Labs Ltd.,500259,B
Lykis Ltd.,530689,X
Lynx Machinery & Commercials Ltd.,505320,XT
Lyons Corporate Market Ltd.,531441,XT
Lypsa Gems & Jewellery Ltd.,534532,T
M K Exim (India) Ltd.,538890,X
M K Proteins Ltd.,543919,T
M Lakhamsi Industries Ltd.,512153,XT
M M Forgings Ltd.,522241,B
M M Rubber Company Ltd.,509196,X
M P Agro Industries Ltd.,506543,XT
Maa Jagdambe Tradelinks Ltd.,511082,XT
Maagh Advertising And Marketing Services Ltd.,543624,MT
Maan Aluminium Ltd.,532906,B
Mac Charles (India) Ltd.,507836,X
MAC Hotels Ltd.,541973,MT
Macfos Ltd.,543787,M
Mach Conferences & Events Ltd.,544248,M
Machhar Industries Ltd.,543934,XT
Machino Plastics Ltd.,523248,X
Mack Trading Company Ltd.,501471,XT
Mackinnon Mackenzie & Company Ltd.,501874,Y
Macrotech Developers Ltd.,543287,A
Madhav Infra Projects Ltd.,539894,XT
Madhav Marbles & Granites Ltd.,515093,B
Madhuban Constructions Ltd.,780009,IP
Madhucon Projects Ltd.,531497,T
Madhur Capital & Finance Ltd.,511638,Z
Madhur Industries Ltd.,519279,XT
Madhusudan Industries Ltd.,515059,X
Madhusudan Securities Ltd.,511000,X
Madhuveer Com 18 Network Ltd.,531910,X
Madras Fertilizers Ltd.,590134,B
Maestros Electronics & Telecommunications Systems Ltd.,538401,X
Mafatlal Industries Ltd.,500264,X
Mafia Trends Ltd.,543613,M
Magadh Sugar & Energy Ltd.,540650,B
Magellanic Cloud Ltd.,538891,A
Magenta Lifecare Ltd.,544188,M
Magna Electrocastings Ltd.,517449,XT
Magnum Ltd.,530347,Z
Magnum Ventures Ltd.,532896,B
Magnus Retail Ltd.,517320,XT
Maha Rashtra Apex Corporation Ltd.,523384,T
Mahaan Foods Ltd.,519612,XT
Mahalaxmi Fabric Mills Ltd.,544233,T
Mahalaxmi Rubtech Ltd.,514450,B
Mahalaxmi Seamless Ltd.,513460,Z
Mahamaya Steel Industries Ltd.,513554,T
Mahan Industries Ltd.,531515,XT
Mahanagar Gas Ltd.,539957,A
Mahanagar Telephone Nigam Ltd.,500108,A
Mahanivesh (India) Ltd.,530441,Z
Maharashtra Corporation Ltd.,505523,X
Maharashtra Scooters Ltd.,500266,T
Maharashtra Seamless Ltd.,500265,A
Mahasagar Travels Ltd.,526795,ZP
Mahashree Trading Ltd.,512337,P
Mahaveer Infoway Ltd.,539383,Z
Mahavir Industries Ltd.,531648,Z
Mahesh Developers Ltd.,542677,Z
Mahindra & Mahindra Financial Services Ltd.,532720,A
Mahindra & Mahindra Ltd.,500520,A
Mahindra EPC Irrigation Ltd.,523754,B
Mahindra Holidays & Resorts India Ltd.,533088,A
Mahindra Lifespace Developers Ltd.,532313,A
Mahindra Logistics Ltd.,540768,A
Mahip Industries Ltd.,542503,M
Maiden Forgings Ltd.,543874,M
Maithan Alloys Ltd.,590078,B
Maitri Enterprises Ltd.,513430,XT
Majestic Auto Ltd.,500267,X
Majestic Research Services & Solutions Ltd.,539229,MT
Makers Laboratories Ltd.,506919,X
Malabar Trading Company Ltd.,501473,XD
Mallcom (India) Ltd.,539400,T
Malu Paper Mills Ltd.,532728,B
Man Industries (India) Ltd.,513269,B
Man Infraconstruction Ltd.,533169,A
Manaksia Aluminium Company Ltd.,539045,B
Manaksia Coated Metals & Industries Ltd.,539046,B
Manaksia Ltd.,532932,B
Manaksia Steels Ltd.,539044,B
Manali Petrochemicals Ltd.,500268,B
Manappuram Finance Ltd.,531213,A
Manas Properties Ltd. 540402 MTCompany,Code,Group
Manba Finance Ltd.,544262,B
Manbro Industries Ltd.,512595,XT
Mangal Credit And Fincorp Ltd.,505850,B
Mangalam Cement Ltd.,502157,B
Mangalam Drugs and Organics Ltd.,532637,B
Mangalam Global Enterprise Ltd.,544273,B
Mangalam Industrial Finance Ltd.,537800,X
Mangalam Organics Ltd.,514418,T
Mangalam Seeds Ltd.,539275,X
Mangalam Timber Products Ltd.,516007,B
Mangalore Chemicals & Fertilizers Ltd.,530011,B
Mangalore Refinery And Petrochemicals Ltd.,500109,A
Mangalya Soft-Tech Ltd.,530243,Z
Manipal Finance Corporation Ltd.,507938,P
Manjeera Constructions Ltd.,533078,Z
Mankind Pharma Ltd.,543904,B
Manoj Ceramic Ltd.,544073,MT
Manoj Vaibhav Gems N Jewellers Ltd.,543995,B
Manomay Tex India Ltd.,540396,T
Manor Estates & Industries Ltd.,526115,XT
Manorama Industries Ltd.,541974,B
Manpasand Beverages Ltd.,539207,Z
Manraj Housing Finance Ltd.,530537,Z
Mansi Finance (Chennai) Ltd.,511758,XT
Mansoon Trading Company Ltd.,512303,P
Manugraph India Ltd.,505324,B
Mapro Industries Ltd.,509762,XT
Maral Overseas Ltd.,521018,B
Marathon Nextgen Realty Ltd.,503101,B
Marble City India Ltd.,531281,XT
Mardia Samyoung Capillary Tubes Company Ltd.,513544,XT
Marg Ltd.,530543,Z
Marg Projects and Infrastructure Ltd.,513648,Z
Marg Techno Projects Ltd.,540254,X
Margo Finance Ltd.,500206,XT
Marico Ltd.,531642,A
Maris Spinners Ltd.,531503,X
Market Creators Ltd.,526891,XT
Markobenz Ventures Ltd.,514060,XT
Markolines Pavement Technologies Ltd.,543364,M
Marksans Pharma Ltd.,524404,A
Marmagoa Steel Ltd.,513355,T
Marsons Ltd.,517467,Z
Martin Burn Ltd.,523566,X
Maruti Infrastructure Ltd.,531540,X
Maruti Interior Products Ltd.,543464,M
Maruti Securities Ltd.,531319,XT
Maruti Suzuki India Ltd.,532500,A
Mas Financial Services Ltd.,540749,A
Mastek Ltd.,523704,A
Master Chemicals Ltd.,506867,XT
Master Trust Ltd.,511768,B
Mathew Easow Research Securities Ltd.,511688,XT
Matra Kaushal Enterprise Ltd.,526671,Z
Matrimony.com Ltd.,540704,B
Mauria Udyog Ltd.,539219,XT
Mawana Sugars Ltd.,523371,B
Max Alert Systems Ltd.,534563,MT
Max Estates Ltd.,544008,B
Max Financial Services Ltd.,500271,A
Max Healthcare Institute Ltd.,543220,A
Max India Ltd.,543223,B
Max Ventures and Industries Ltd.,539940,B
Maxgrow India Ltd.,521167,Z
Maxheights Infrastructure Ltd.,534338,X
Maximaa Systems Ltd.,526538,Z
Maximus International Ltd.,540401,B
Mayank Cattle Food Ltd.,544106,M
Mayukh Dealtrade Ltd.,539519,XT
Mayur Floorings Ltd.,531221,X
Mayur Leather Products Ltd.,531680,Z
Mayur Uniquoters Ltd.,522249,B
Mazagon Dock Shipbuilders Ltd.,543237,A
Mazda Ltd.,523792,B
MBL Infrastructure Ltd.,533152,T
McDowell Holdings Ltd.,532852,Z
McLeod Russel (India) Ltd.,532654,B
McNally Bharat Engineering Company Ltd.,532629,Z
Medi Assist Healthcare Services Ltd.,544088,B
Media Matrix Worldwide Ltd.,512267,T
Mediaone Global Entertainment Ltd.,503685,X
Medicamen Biotech Ltd.,531146,B
MediCaps Ltd.,523144,X
Medico Intercontinental Ltd.,539938,X
Medico Remedies Ltd.,540937,B
Medinova Diagnostic Services Ltd.,526301,X
Medplus Health Services Ltd.,543427,A
Meera Industries Ltd.,540519,T
Mefcom Capital Markets Ltd.,531176,X
Mega Corporation Ltd.,531417,XT
Mega Fin (India) Ltd.,532105,P
Mega Nirman & Industries Ltd.,539767,X
Megasoft Ltd.,532408,T
Megastar Foods Ltd.,541352,B
Megh Mayur Infra Ltd.,509003,XT
Meghmani Organics Ltd.,543331,B
Meghna Infracon Infrastructure Ltd.,538668,B
Meglon Infra-Real (India) Ltd.,511367,XT
Megri Soft Ltd.,539012,X
Mehai Technology Ltd.,540730,T
Company,Code,Group
Mehta Housing Finance Ltd.,511740,X
Mehta Integrated Finance Ltd.,511377,XT
Mehta Securities Ltd.,511738,XT
Melstar Information Technology Ltd.,532307,Z
Mena Mani Industries Ltd.,531127,X
Menon Bearings Ltd.,523828,B
Menon Pistons Ltd.,531727,X
MEP Infrastructure Developers Ltd.,539126,Z
Mercantile Ventures Ltd.,538942,X
Mercator Ltd.,526235,T
Mercury Ev-Tech Ltd.,531357,T
Mercury Laboratories Ltd.,538964,X
Mercury Trade Links Ltd.,512415,XT
Mesco Pharmaceuticals Ltd.,500274,ZP
Meson Valves India Ltd.,543982,MT
Metal Coatings (India) Ltd.,531810,X
Metalyst Forgings Ltd.,513335,Z
Metkore Alloys & Industries Ltd.,532990,Z
Metro Brands Ltd.,543426,A
Metroglobal Ltd.,500159,X
Metropolis Healthcare Ltd.,542650,A
Mewar Hi-Tech Engineering Ltd.,540150,MT
Meyer Apparel Ltd.,531613,XT
MFL India Ltd.,526622,X
MFS Intercorp Ltd.,513721,Z
MIC Electronics Ltd.,532850,B
Microse India Ltd.,523343,XT
Mid India Industries Ltd.,500277,XT
Midas Infra Trade Ltd.,531192,Z
Mideast Portfolio Management Ltd.,526251,XT
Midland Polymers Ltd.,531597,XT
Midwest Gold Ltd.,526570,XT
Mihika Industries Ltd.,538895,X
Milestone Furniture Ltd.,541337,M
Milestone Global Ltd.,531338,X
Milgrey Finance & Investments Ltd.,511018,X
Milk Specialities Ltd.,519403,Y
Milkfood Ltd.,507621,X
Millennium Online Solutions (India) Ltd.,511187,XT
Minal Industries Ltd.,522235,X
Minaxi Textiles Ltd.,531456,XT
Minda Corporation Ltd.,538962,A
Mindteck (India) Ltd.,517344,T
MindTree Ltd.,532819,A
Mindvision Capital Ltd.,530955,Z
Mini Diamonds (India) Ltd.,523373,XT
Minolta Finance Ltd.,532164,Z
Mipco Seamless Rings (Gujarat) Ltd.,505797,XT
MIRC Electronics Ltd.,500279,T
Mirza International Ltd.,526642,B
Mish Designs Ltd.,544015,M
Mishka Exim Ltd.,539220,XT
Mishra Dhatu Nigam Ltd.,541195,A
Mishtann Foods Ltd.,539594,B
Misquita Engineering Ltd.,542801,M
Mitshi India Ltd.,523782,X
Mitsu Chem Plast Ltd.,540078,B
Miven Machine Tools Ltd.,522036,XT
MKP Mobility Ltd.,521244,XT
Mkventures Capital Ltd.,514238,X
MMTC Ltd.,513377,A
Mobile Telecommunications Ltd.,532127,Z
Modella Woollens Ltd.,503772,X
Modern Dairies Ltd.,519287,X
Modern Engineering & Projects Ltd.,539762,XT
Modern India Ltd.,503015,X
Modern Insulators Ltd.,515008,X
Modern Malleables Ltd.,517336,P
Modern Shares & Stock Brokers Ltd.,509760,X
Modern Steels Ltd.,513303,XT
Modern Threads (India) Ltd.,500282,T
Modex International Securities Ltd.,537092,Z
Modi Naturals Ltd.,519003,XT
Modi Rubber Ltd.,500890,T
Modipon Ltd.,503776,X
Modis Navnirman Ltd.,543539,M
Modison Ltd.,506261,T
Modulex Construction Technologies Ltd.,504273,Z
Mohit Industries Ltd.,531453,B
Mohit Paper Mills Ltd.,530169,X
Mohite Industries Ltd.,532140,XT
Mohota Industries Ltd.,530047,Z
MOIL Ltd.,533286,A
Mold-Tek Packaging Ltd.,533080,B
Mold-Tek Technologies Ltd.,526263,B
Monarch Networth Capital Ltd.,511551,B
Money Masters Leasing & Finance Ltd.,535910,B
Moneyboxx Finance Ltd.,538446,B
Monind Ltd.,532078,X
Monotype India Ltd.,505343,Z
Monte Carlo Fashions Ltd.,538836,B
Moongipa Capital Finance Ltd.,530167,X
Morarjee Textiles Ltd.,532621,Z
Morarka Finance Ltd.,511549,X
Morepen Laboratories Ltd.,500288,A
Morgan Ventures Ltd.,526237,X
Morganite Crucible (India) Ltd.,523160,X
MosChip Technologies Ltd.,532407,B
Motherson Sumi Wiring India Ltd.,543498,A
Motilal Oswal Financial Services Ltd. 532892 AMotisons Jewellers Ltd.,544053,T
Motor & General Finance Ltd.,501343,B
Mount Housing and Infrastructure Ltd.,542864,XT
Mount Shivalik Industries Ltd.,507522,Z
MPDL Ltd.,532723,X
MPF Systems Ltd.,532470,XT
MphasiS Ltd.,526299,A
MPIL Corporation Ltd.,500450,X
MPL Plastics Ltd.,526143,X
MPS Infotecnics Ltd.,532411,Z
MPS Ltd.,532440,B
MPS Pharma Ltd.,531686,XT
MRC Agrotech Ltd.,540809,B
MRF Ltd.,500290,A
MRO-TEK Realty Ltd.,532376,B
